job_id,resume_id,rank,similarity_score,skill_match_percent,missing_skills,llm_explanation
job_0,18159866.pdf,1,0.0522626036913178,100.0,[],"Based on the skills and similarity score, it seems like this resume is a good fit for the job. However, there are some missing skills that could affect its overall compatibility with the job requirements."
job_0,12334140.pdf,2,0.0395826627355254,100.0,[],"Based on the skills and similarity score, it seems that this resume is a good fit for the job_0. However, there are some missing skills such as programming languages which could affect the overall suitability of the candidate for the role."
job_0,18067556.pdf,3,0.0393847251116956,100.0,[],"Based on the skills and similarity score, it seems that this resume is a good fit for the job_0. The matching skills indicate that the candidate has the necessary knowledge and experience to perform the job well. Additionally, the similarity score shows that there are some commonalities between the candidate's background and the requirements of the job, which suggests that they may be a good match for the role."
job_0,12763627.pdf,4,0.0346675659803163,100.0,[],"Based on the skills listed, it appears that the candidate has a good understanding of Microsoft Office and data analysis. However, there are some missing skills such as programming languages and statistical analysis which may limit their suitability for the role. The similarity score shows that the candidate's resume is less than 50% similar to the job posting, indicating that there may be some differences in their experience and qualifications."
job_0,13405733.pdf,5,0.0342203509801156,100.0,[],"Based on the skills listed, it seems like the job_0 requires a combination of technical and soft skills. The candidate's experience in project management and communication would be valuable to the company. However, there are some missing skills that could improve the match between the candidate's resume and the job requirements."
job_1,13405733.pdf,1,0.0644296514998624,45.45,"['django', 'unit testing', 'flask', 'linux', 'api development', 'ux']","This resume has a similarity score of 6.44%, which means that there are some skills and technologies that the candidate is missing from their profile, but they still have a good fit with the job requirements based on the matching skills."
job_1,17641670.pdf,2,0.0539419929760804,27.27,"['django', 'unit testing', 'sql', 'flask', 'linux', 'api development', 'ux', 'python']","Based on the skills listed, the candidate's resume appears to be a good fit for the job as it contains relevant programming languages such as Python and Flask. However, missing skills like Django, Unit Testing, SQL, and Linux are not fully represented in this resume. Therefore, while the match is not perfect, it may still be an appropriate fit based on the matching algorithm used by the hiring team."
job_1,13385306.pdf,3,0.0466427242304546,36.36,"['django', 'unit testing', 'flask', 'linux', 'api development', 'ux', 'python']","Based on the skills listed, it seems like the person who created this resume has a good understanding of programming languages such as Python and Django, as well as some experience with Flask web development. However, they are missing several other technical skills such as unit testing, Linux operating system knowledge, API development, and UX design. As a result, it may be difficult for them to fully understand and implement the requirements of this job."
job_1,16186411.pdf,4,0.0460910546158876,36.36,"['django', 'unit testing', 'flask', 'linux', 'api development', 'ux', 'python']","Based on the skills listed, it seems like the person who created this resume has experience with Python programming language and web development using Flask framework. However, they are missing some additional skills such as unit testing, Django, Linux operating system, and API development. The similarity score shows that their resumes have a low match rate with the job requirements."
job_1,18159866.pdf,5,0.044961821857038,27.27,"['django', 'unit testing', 'sql', 'flask', 'linux', 'api development', 'ux', 'python']","This resume has a similarity score of 4.5%, which means that it is not as good as the average candidate for the job. However, it still shows some potential and could be considered by the hiring manager if they are looking for someone with some additional skills."
job_2,18067556.pdf,1,0.1022800221386653,45.45,"['tensorflow', 'pytorch', 'deep learning', 'java', 'machine learning', 'spark']","Based on the skills listed, it seems like the person has a good understanding of programming languages and data analysis using Python/PyTorch/TensorFlow. However, they are missing some key skills such as Java and Machine Learning which are important for the role. The similarity score shows that there is a moderate level of compatibility between their resume and the job description. Therefore, it's possible that the person may still have a chance to be considered for the position based on other criteria aside from just skill matching."
job_2,13477922.pdf,2,0.0900859938339684,27.27,"['tensorflow', 'go', 'pytorch', 'deep learning', 'java', 'python', 'machine learning', 'spark']","Based on the skills listed, it seems like the person who created this resume has a good understanding of various programming languages and data analysis techniques. However, they seem to be missing some specific skills that are required for the job, such as machine learning and deep learning. Therefore, while their resume matches the job requirements based on the available skills, it may not be the best fit due to the missing skills."
job_2,13405733.pdf,3,0.0876614110603796,45.45,"['tensorflow', 'pytorch', 'deep learning', 'java', 'machine learning', 'spark']","Based on the skills listed, it seems like the person has a good understanding of programming languages and data analysis using Python and/or R. However, they are missing some specific skills such as TensorFlow, PyTorch, Deep Learning, Java, Machine Learning, and Spark which are commonly used in these types of jobs. Therefore, while their resume matches the job requirements based on the skills listed, it may not be a perfect match without those additional skills."
job_2,16899268.pdf,4,0.0835019594702079,36.36,"['tensorflow', 'pytorch', 'deep learning', 'java', 'python', 'machine learning', 'spark']","Based on the skills listed, the candidate's resume appears to be a good fit for the job as it contains relevant programming languages such as Python and Java. However, the missing skills such as TensorFlow, PyTorch, Deep Learning, and Spark could potentially limit their suitability for the role."
job_2,16186411.pdf,5,0.081912978970316,45.45,"['tensorflow', 'pytorch', 'deep learning', 'python', 'machine learning', 'spark']","Based on the skills listed, it seems like the person has a good understanding of programming languages and data analysis using Python. However, they are missing some specific skills such as TensorFlow, PyTorch, Deep Learning, Python, Machine Learning, and Spark which are commonly used in the field of Data Science. Therefore, it is possible that this person may not have the necessary experience or knowledge to match their skills with the job requirements."
job_3,18159866.pdf,1,0.1056760210015521,100.0,[],"Based on the skills and matching similarity score, it seems that this resume is a good fit for the job_3 position. However, some missing skills could impact its overall suitability."
job_3,15802627.pdf,2,0.0916657400625422,75.0,['excel'],"Based on the skills and similarity score, it seems that the resume is a good fit for the job. The matched skills are high and the similarity score indicates a strong compatibility between the candidate's profile and the job requirements. However, the missing skill of ""excel"" may need to be addressed during the interview process."
job_3,17641670.pdf,3,0.0881621242052509,100.0,[],"Based on the skills and similarity score, it seems like this resume is a good fit for the job. The matched skills are high and the similarity score shows that there is some level of relevance between the candidate's experience and the requirements of the job. However, there are some missing skills in the resume which could potentially impact the match."
job_3,16186411.pdf,4,0.0868278249153747,100.0,[],"Based on the skills and matching similarity score, it seems that this resume is a good fit for the job_3 position. The missing skills are not essential to the role and can be addressed through additional education or experience."
job_3,13385306.pdf,5,0.0792755953400849,75.0,['excel'],"Based on the skills and similarity score, it seems that this resume is a good fit for the job_3. The matched skills indicate that the candidate has the necessary knowledge and experience to perform the job well. Additionally, the similarity score shows that there are some commonalities between the candidate's skills and the requirements of the job, which suggests that they may be a good match for the role."
job_4,16899268.pdf,1,0.1648747591900096,23.53,"['scalability', 'angular', 'vue', 'git', 'javascript', 'html', 'java', 'scala', 'ux', 'excel', 'react', 'agile', 'css']","Based on the skills listed, it is likely that the person who filled out this resume has experience with various programming languages and frameworks such as JavaScript, AngularJS, Vue.js, Git, HTML, Java, Scala, UX design, React, and Agile development. However, the missing skills of scalability, angular, vue, git, and CSS are not likely to be relevant for this particular job posting. Therefore, it is possible that this person may not match the requirements or qualifications of the job."
job_4,18159866.pdf,2,0.14772143461193,35.29,"['scalability', 'angular', 'vue', 'git', 'javascript', 'html', 'java', 'ux', 'react', 'agile', 'css']","This resume is missing some important skills such as scalability, angular, vue, Git, Java, UX, React, Agile, and CSS. These are essential skills for most jobs in this field. Therefore, it may not be a good fit for this particular job."
job_4,13405733.pdf,3,0.1310366965363373,41.18,"['scalability', 'angular', 'vue', 'javascript', 'html', 'java', 'scala', 'ux', 'react', 'css']","This resume has a high similarity score of 13.1%, which suggests that it is likely to match the job requirements. However, there are some missing skills listed such as 'scalability', 'angular', 'vue', 'javascript', 'html', 'java', 'scala', 'ux', 'react', and 'css'. These skills are important for the role but may not be essential or required by all employers. Therefore, it is possible that some of these skills may need to be added to the resume in order for it to match the job requirements more closely"
job_4,16186411.pdf,4,0.1301591328450637,58.82,"['scalability', 'angular', 'vue', 'scala', 'ux', 'react', 'css']","This resume is missing some important skills such as scalability, angular, vue, scala, ux, react, and css which are commonly required for jobs in this field. However, it still has a good similarity score of 13.02% with the given job title ""job_4"" which suggests that there is some potential match between the two."
job_4,17641670.pdf,5,0.1169516958427336,41.18,"['scalability', 'angular', 'vue', 'git', 'javascript', 'java', 'ux', 'react', 'agile', 'css']","This resume has a high similarity score of 11.7%, which suggests that it is likely to match the job requirements. However, there are some missing skills listed such as 'scalability', 'angular', 'vue', 'git', 'javascript', 'java', 'ux', 'react', 'agile', and 'css'. These skills could potentially be important for the specific job being applied for."
job_5,18159866.pdf,1,0.2000405193283317,41.67,"['database', 'scalability', 'sql', 'html', 'java', 'react', 'mysql']","This resume is missing some important skills, such as database, scalability, SQL, HTML, Java, React, and MySQL. The similarity score is only 20%, which means that there are other jobs out there that may be a better fit for these skills."
job_5,17641670.pdf,2,0.1782575625038863,50.0,"['database', 'scalability', 'sql', 'java', 'react', 'mysql']","This resume has a high similarity score of 17.83%, which suggests that it is likely to match the job requirements. However, there are some missing skills listed such as ""database"", ""scalability"", ""sql"", ""java"", and ""react"". It's important for job seekers to consider these skills when crafting their resume and updating them accordingly."
job_5,13405733.pdf,3,0.1689537822886622,50.0,"['scalability', 'html', 'java', 'scala', 'react', 'mysql']","This resume has a high similarity score of 16.9%, which suggests that it is likely to match the job requirements. However, there are some missing skills listed such as ""scalability,"" ""html,"" ""java,"" ""scala,"" and ""react."" These skills could potentially be important for the specific job role being applied for."
job_5,16186411.pdf,4,0.1565637004052759,75.0,"['scala', 'react', 'scalability']","This resume is missing skills such as Scala, React, and scalability, which are all relevant to the job title of ""Job_5."" Without these skills being present on the resume, it may not be a good fit for the position."
job_5,17111768.pdf,5,0.1537825193423394,50.0,"['scalability', 'html', 'java', 'scala', 'react', 'mysql']","This resume has a high similarity score of 15.38%, which suggests that it is likely to match the job requirements. However, there are some missing skills listed such as 'scalability', 'html', 'java', 'scala', and 'react'. These skills could potentially be important for the specific job and would help improve the overall fit of this resume."
job_6,18159866.pdf,1,0.1776181344954424,35.29,"['elasticsearch', 'redis', 'angular', 'javascript', 'sql', 'html', 'java', 'mongodb', 'react', 'agile', 'nodejs']","This resume is missing a few key skills such as angular, react, and mongodb which are commonly used in web development jobs. However, it still has strong matching skills in areas like HTML, CSS, Java, NodeJS, and SQL. Therefore, this resume can still be considered for many job opportunities that require these technologies."
job_6,13405733.pdf,2,0.1357183513200515,41.18,"['elasticsearch', 'redis', 'angular', 'javascript', 'html', 'java', 'mongodb', 'system design', 'react', 'nodejs']","This resume is missing some important skills such as Elasticsearch, Redis, AngularJS, HTML, Java, MongoDB, System Design, React, and Nodejs which are commonly required for the job. Therefore, it may not be a good fit for this position."
job_6,15802627.pdf,3,0.1301392241959474,23.53,"['elasticsearch', 'redis', 'angular', 'javascript', 'sql', 'html', 'java', 'mongodb', 'system design', 'excel', 'react', 'agile', 'nodejs']","This resume is missing a few key skills such as elasticsearch, redis, angular, JavaScript, SQL, HTML, Java, MongoDB, System Design, Excel, React, and Agile. These are some of the most commonly required skills for jobs in this field. Without these skills being present on the resume, it may be difficult to match with relevant job opportunities."
job_6,16899268.pdf,4,0.1278988833441941,23.53,"['elasticsearch', 'redis', 'angular', 'javascript', 'sql', 'html', 'java', 'mongodb', 'system design', 'excel', 'react', 'agile', 'nodejs']","Based on the skills listed, it seems like the person has a good understanding of programming languages such as Java and JavaScript, as well as experience with SQL and MongoDB. However, they are missing several other technical skills such as Angular, React, HTML, Excel, and System Design. The similarity score shows that there is some level of overlap between the person's skills and the job requirements, but there is still a significant gap in terms of required skills. Therefore, it may be challenging for this candidate to match their skills with the specific job requirements."
job_6,14789139.pdf,5,0.1182740079930997,29.41,"['elasticsearch', 'redis', 'angular', 'javascript', 'html', 'java', 'mongodb', 'system design', 'excel', 'react', 'agile', 'nodejs']","Based on the skills listed, it appears that the person has a good understanding of programming languages such as Java and JavaScript, as well as experience with database systems like MongoDB. However, they lack knowledge in other areas such as HTML, CSS, and SQL which are commonly used in web development. Additionally, their resume does not mention any experience working on an agile project or using React front-end framework. Therefore, it is possible that the person may not have the necessary skills for this particular job."
job_7,16186411.pdf,1,0.0637487100740293,70.0,"['react', 'azure', 'nodejs']","Based on the skills listed, it appears that the person has a good understanding of programming languages such as Java and Python. However, they are missing skills like React and Azure which are commonly used in web development with these programming languages. The similarity score shows that there is a moderate level of compatibility between the person's resume and the job description."
job_7,15297298.pdf,2,0.0624292573980332,40.0,"['javascript', 'html', 'java', 'react', 'azure', 'nodejs']","This resume has a similarity score of 6.24%, which means that there are some skills and keywords that match with the job requirements. However, it is missing several important technologies such as JavaScript, HTML, Java, React, Azure, and NodeJS, which could make it less competitive for the position."
job_7,18159866.pdf,3,0.0595932588250674,40.0,"['javascript', 'html', 'java', 'react', 'azure', 'nodejs']","This resume has a similarity score of 5.96%, which means that it is very similar to other resumes that have been matched with this job. However, it lacks some skills mentioned in the job description such as 'javascript', 'html', and 'nodejs'. Therefore, while the resume may be a good fit for the job requirements, these missing skills will need to be addressed before being considered for the position."
job_7,18067556.pdf,4,0.0585355720631966,60.0,"['react', 'javascript', 'nodejs', 'java']","This resume has a similarity score of 5.85%, which means that there are some skills and experience that the candidate is missing from their profile, but they have many matching skills with the job requirements. The job requires knowledge of React, JavaScript, Nodejs, and Java programming languages. Therefore, this resume matches the job as it has these relevant skills."
job_7,12763627.pdf,5,0.0521625577984957,60.0,"['excel', 'react', 'azure', 'nodejs']","Based on the skills listed, it appears that the person has a good understanding of programming languages such as Python and Java. However, they are missing some specific skills such as Excel and React which are commonly used in many industries including IT. While their similarity score is relatively high at 5.22%, it may not be enough to match the job requirements perfectly."
job_8,17641670.pdf,1,0.1450992582440914,38.46,"['scalability', 'bash', 'java', 'php', 'hadoop', 'linux', 'ux', 'python']","This resume has a high matched skill level of 38.46%, but it is missing several important skills such as ""scalability,"" ""bash,"" ""java,"" ""php,"" ""hadoop,"" ""linux,"" ""ux,"" and ""python."" The similarity score is only 14.51% which suggests that the candidate may not have enough experience or knowledge in these areas to be considered for the job."
job_8,18067556.pdf,2,0.1305606155352603,69.23,"['java', 'hadoop', 'php', 'bash']","This resume is missing a few programming languages such as Java, Hadoop, PHP, and Bash. These are essential skills for many jobs in the technology industry. Without these skills, it may be difficult to match with relevant job opportunities."
job_8,18159866.pdf,3,0.1175297594996693,38.46,"['scalability', 'bash', 'java', 'php', 'hadoop', 'linux', 'ux', 'python']","This resume has a high matching score for the skills listed, which indicates that it is likely to be a good fit for the job. However, there are some missing skills listed, such as ""scalability"" and ""python,"" which could affect its overall compatibility with the job requirements."
job_8,16533554.pdf,4,0.1093140785981512,23.08,"['rag', 'scalability', 'bash', 'java', 'php', 'hadoop', 'linux', 'scala', 'ux', 'python']","This resume has a high similarity score, indicating that it is likely to be a good fit for the job. However, there are some missing skills listed such as 'rag', 'scalability', 'bash', 'java', 'php', 'hadoop', 'linux', 'scala', 'ux', and 'python'. These skills could potentially impact whether the candidate is a good match for the job or not."
job_8,17111768.pdf,5,0.0990448659241663,46.15,"['scalability', 'bash', 'java', 'php', 'hadoop', 'scala', 'python']","This resume has a similarity score of 9.9%, which means that it is very similar to other resumes that have been matched with this job. However, it lacks some important skills such as 'scalability', 'bash', 'java', 'php', 'hadoop', 'scala', and 'python'. These are essential skills for the role of a software engineer in this company. Therefore, it may not be the best fit for this position."
job_9,18176523.pdf,1,0.1616213258655212,21.43,"['database', 'rest api', 'go', 'ui', 'python', 'git', 'linux', 'ux', 'jenkins', 'unix', 'excel']","Based on the skills listed, the candidate's resume appears to match the job requirements for a variety of technical skills such as programming languages (Python, Go), web development frameworks (Jenkins, Unix) and data manipulation tools (Excel). However, there are several missing skills that the job requires, including database management and rest API development. Therefore, while the candidate's resume matches some of the required skills, it does not match all of them, which may make it less suitable for this particular job opportunity."
job_9,18159866.pdf,2,0.1602408349911599,42.86,"['database', 'rest api', 'git', 'linux', 'ux', 'jenkins', 'unix', 'python']","This resume has a similarity score of 16.02%, which means that it is very similar to other resumes that have been matched with this job. However, there are some missing skills listed such as ""database"", ""rest api"", and ""git"" which could potentially impact the candidate's ability to perform certain tasks required for the role."
job_9,17111768.pdf,3,0.1379689381079193,71.43,"['python', 'git', 'rest api', 'jenkins']","Based on the skills listed, it seems like the person has a good understanding of various technologies such as Python and Git. However, they are missing some specific skills such as 'rest api' and 'jenkins'. The similarity score shows that there is only a 13.8% chance that this candidate would match the job requirements perfectly. Therefore, it may be best to consider other candidates who have all of the necessary skills for the role."
job_9,17641670.pdf,4,0.1378508711677051,42.86,"['database', 'rest api', 'git', 'linux', 'ux', 'jenkins', 'unix', 'python']","This resume has a high similarity score of 13.79%, which suggests that it is likely to match the job requirements. However, there are some missing skills listed such as ""database"", ""rest api"", and ""git"" which could affect its matching potential."
job_9,13405733.pdf,5,0.1250477057366245,64.29,"['rest api', 'linux', 'jenkins', 'ux', 'unix']","This resume has a high similarity score of 12.5%, which means that it is very similar to the job requirements. However, there are some missing skills listed such as 'rest api', 'linux', 'jenkins', and 'unix'. These are important technologies and qualifications for the job, so it would be beneficial for the candidate to consider adding them to their resume."
job_10,17111768.pdf,1,0.1566555850295132,77.78,"['version control', 'monitoring']","Based on the skills listed, it seems like the person has experience with various programming languages and software tools. However, they are missing two important skills that are mentioned in the job description: version control and monitoring. Therefore, while their skills seem to match the requirements of the job, their lack of these specific skills may limit their suitability for the role."
job_10,17641670.pdf,2,0.1515039902141005,44.44,"['database', 'monitoring', 'version control', 'oracle', 'sql']","This resume is missing some important skills, such as database management, monitoring, version control, and SQL. These are all essential tasks for a job in Oracle and SQL. Without these skills, it may be difficult to effectively perform the duties required of the position. Therefore, this resume likely does not match the job requirements."
job_10,18159866.pdf,3,0.1460603895628152,55.56,"['database', 'version control', 'sql', 'monitoring']","Based on the skills listed, it seems like the person who filled out this resume has a good understanding of programming and software development. However, they are missing some specific skills that might be relevant to the job, such as database management and monitoring systems. While their overall fit with the job requirements is decent, it's worth noting that there may be other qualified candidates who have these additional skills."
job_10,14789139.pdf,4,0.1427107365773008,66.67,"['version control', 'oracle', 'monitoring']","Based on the skills listed, it is clear that the candidate has experience with various programming languages and technologies. However, they are missing some specific skills such as version control and monitoring which are important for the role of a software engineer. Therefore, while their resume may be strong in other areas, these missing skills could limit their suitability for this particular job."
job_10,13405733.pdf,5,0.1337009207565657,77.78,"['version control', 'monitoring']","Based on the skills listed, it is clear that the candidate has experience with various programming languages and software tools. However, they are missing two specific skills: version control and monitoring. While these may not be essential requirements for the role, they could potentially impact the efficiency and productivity of a project if left unaddressed. Therefore, it's possible that the company may require candidates to possess these skills in order to meet their needs."
job_11,13477922.pdf,1,0.1038954065076193,27.27,"['aws', 'tensorflow', 'pytorch', 'numpy', 'deep learning', 'computer vision', 'python', 'machine learning']","Based on the skills listed, the candidate's resume appears to be a good fit for the job as it contains a variety of programming languages and technologies such as AWS, Python, and TensorFlow. However, some missing skills such as AWS S3, PyTorch, Numpy, Computer Vision, and Machine Learning could potentially limit its suitability for the role."
job_11,16186411.pdf,2,0.0823632062668469,27.27,"['aws', 'tensorflow', 'pytorch', 'numpy', 'deep learning', 'computer vision', 'python', 'machine learning']","Based on the skills listed, it seems like the person has a good understanding of programming languages and computer science concepts. However, they are missing some important skills such as AWS, TensorFlow, PyTorch, Numpy, Deep Learning, Computer Vision, Python, and Machine Learning which are all commonly used in job roles related to data analysis, machine learning, and artificial intelligence. Therefore, it is possible that the person may not be a good fit for this particular job role based on their skillset alone."
job_11,17641670.pdf,3,0.0769370100756211,27.27,"['aws', 'tensorflow', 'pytorch', 'numpy', 'deep learning', 'computer vision', 'python', 'machine learning']","Based on the skills listed, it seems like the person has a good understanding of programming languages and computer science concepts. However, they are missing some important skills such as AWS, TensorFlow, PyTorch, Numpy, Computer Vision, Python, and Machine Learning which are commonly used in job roles for this position. Therefore, while their resume matches the job requirements, it may not be the best fit due to the missing skills."
job_11,16533554.pdf,4,0.0765758368359606,27.27,"['aws', 'tensorflow', 'pytorch', 'numpy', 'deep learning', 'computer vision', 'python', 'machine learning']","Based on the skills listed, it seems like the person has a good understanding of programming languages and computer science concepts. However, they are missing some key skills such as AWS, TensorFlow, PyTorch, Numpy, Deep Learning, Computer Vision, Python, and Machine Learning which are all important for this job. Without these additional skills, it may be difficult to match the person's resume with the specific requirements of the job."
job_11,15802627.pdf,5,0.0663414895915555,27.27,"['aws', 'tensorflow', 'pytorch', 'numpy', 'deep learning', 'computer vision', 'python', 'machine learning']","Based on the skills listed, the candidate's resume appears to be a good fit for the job as it includes many of the required programming languages and frameworks such as Python, AWS, TensorFlow, PyTorch, Numpy, and Computer Vision. Additionally, the candidate has experience with machine learning, which is a key skill requested in this job posting. However, the missing skills listed include AWS, TensorFlow, PyTorch, Numpy, and Computer Vision, which may limit the overall suitability of the candidate's resume for the role."
job_12,13477922.pdf,1,0.1432225800800686,25.0,"['go', 'java', 'scala', 'python', 'machine learning', 'data analysis']","This resume has a high similarity score of 14.32%, which suggests that it is likely to match the job requirements. However, there are some missing skills listed such as go, java, scala, python, and machine learning. It's important for job seekers to consider these skills when crafting their resumes to increase their chances of matching the job requirements."
job_12,18067556.pdf,2,0.1358124638850586,75.0,"['machine learning', 'java']","This resume has a high similarity score of 13.58%, which suggests that it is likely to match the job requirements. However, it lacks two important skills: machine learning and java. Despite these missing skills, the resume still shows strong matching with the job title as ""job_12"" based on the matched skills and keywords used in the job description."
job_12,18159866.pdf,3,0.1190491024540348,50.0,"['python', 'machine learning', 'data analysis', 'java']","Based on the skills listed, it seems like the candidate has a good understanding of programming languages and data analysis. However, they are missing skills such as Java which is commonly used in many industries. The similarity score shows that there is an 11.9% chance that this candidate's skills match the job requirements."
job_12,15802627.pdf,4,0.1099659143853998,50.0,"['python', 'machine learning', 'data analysis', 'java']","Based on the skills listed, it seems like the candidate has a good understanding of programming languages and data analysis. However, they are missing skills such as Java which is commonly used in many industries. The similarity score shows that there is an 11% chance that the candidate's skills are similar to those required for the job. Therefore, it may be worth reaching out to the candidate to see if they have experience with these additional skills and whether they would be interested in discussing how their skills can be applied to the specific job requirements."
job_12,13405733.pdf,5,0.102840794553284,50.0,"['machine learning', 'data analysis', 'scala', 'java']","Based on the skills listed, it seems like the person has a good understanding of programming languages such as Java and Scala. However, they are missing some specific skills such as Machine Learning which is an important skill for many jobs in the industry today. The similarity score shows that there is a moderate level of compatibility between the person's resume and the job description."
job_13,18159866.pdf,1,0.2772564089865519,35.0,"['unit testing', 'angular', 'git', 'version control', 'javascript', 'html', 'java', 'cybersecurity', 'jenkins', 'express', 'bootstrap', 'machine learning', 'agile']","Based on the skills listed, it appears that the person has a good understanding of various programming languages and tools such as AngularJS, Git, version control, JavaScript, HTML, Java, Cybersecurity, Jenkins, Express, Bootstrap, and Machine Learning. However, they lack knowledge in other areas like Unit Testing, GitHub, JavaFX, CSS, Cybercrime, Continuous Integration, and Security Awareness Training. Therefore, the person may not be a good fit for this particular job based on their skillset alone."
job_13,13405733.pdf,2,0.2243314420719652,45.0,"['unit testing', 'angular', 'version control', 'javascript', 'html', 'java', 'scala', 'express', 'bootstrap', 'jenkins', 'machine learning']","This resume has a similarity score of 22.43%, which means that it is likely to match the job requirements. The matched skills are 45.0, and there are no missing skills listed. However, the lack of other technologies such as angular, version control, java, scala, express, bootstrap, jenkins, and machine learning may limit its suitability for the role."
job_13,16899268.pdf,3,0.1950907429778347,20.0,"['unit testing', 'rag', 'angular', 'git', 'version control', 'javascript', 'html', 'java', 'cybersecurity', 'machine learning', 'scala', 'express', 'bootstrap', 'excel', 'jenkins', 'agile']","Based on the skills listed, it appears that the job requires a combination of programming languages such as JavaScript and AngularJS, version control tools like Git, and software development frameworks like Bootstrap and Express. Additionally, the job may require knowledge of cybersecurity measures and machine learning techniques. However, the absence of other skill sets such as unit testing, ragged HTML, Java, and Cybersecurity make it less suitable for this role."
job_13,17681064.pdf,4,0.1887025797417583,20.0,"['unit testing', 'rag', 'angular', 'git', 'version control', 'javascript', 'html', 'java', 'cybersecurity', 'machine learning', 'scala', 'express', 'bootstrap', 'excel', 'jenkins', 'agile']","Based on the skills listed, it seems like the person has a good understanding of programming languages and software development principles. However, they are missing some important technical skills such as unit testing, angular, Git version control, cybersecurity, machine learning, and scala. The similarity score suggests that the person's resume may not be as well-matched to the job as it could be."
job_13,15297298.pdf,5,0.1845093771501991,25.0,"['unit testing', 'rag', 'angular', 'git', 'version control', 'javascript', 'html', 'java', 'cybersecurity', 'scala', 'express', 'bootstrap', 'jenkins', 'machine learning', 'agile']","Based on the skills listed, it appears that the job requires a mix of programming languages and software development methodologies such as agile. The matching skills list includes some of these requirements, but there are still missing some important ones like unit testing and cybersecurity. Therefore, it is possible that this resume may not match the job requirements."
job_14,17641670.pdf,1,0.1490822876364429,41.67,"['database', 'aws', 'javascript', 'authorization', 'java', 'azure', 'agile']","Based on the skills listed, it seems like the candidate has experience with various technologies such as AWS, JavaScript, and Azure. However, they are missing a few specific skills such as database management and authorization. The similarity score indicates that there is some level of overlap between the candidate's skills and the requirements of the job, but there may be room for improvement in certain areas."
job_14,18159866.pdf,2,0.1123449864165006,33.33,"['database', 'aws', 'javascript', 'html', 'authorization', 'java', 'azure', 'agile']","Based on the skills listed, it appears that the person has a good understanding of various programming languages and technologies such as AWS, JavaScript, HTML, Authorization, Java, Azure, and Agile. However, they are missing some additional technical skills such as Database. Therefore, while their resume matches the job requirements in terms of experience and skillset, there may be some gaps that need to be addressed before being considered for the role."
job_14,16186411.pdf,3,0.1070908676022366,83.33,"['aws', 'azure']","Based on the skills listed, it appears that the matched skills for the job are ""83.33"" and ""aws"". However, the missing skills ""azure"" are not present in the list of skills. Therefore, the similarity score is 10.71%, which suggests that the resume may not match the job requirements."
job_14,12763627.pdf,4,0.106147916128958,58.33,"['aws', 'go', 'authorization', 'azure', 'agile']","Based on the skills listed, it seems like the person who filled out this resume has a good understanding of various cloud-based technologies such as AWS, Azure, and GCP. However, they are missing some specific skills related to these platforms, such as ""aws"" and ""go"". As a result, while their overall fit with the job may be good, there may be some areas where further training or experience is needed to fully match the requirements of the position."
job_14,13405733.pdf,5,0.1003956202410378,50.0,"['aws', 'javascript', 'html', 'authorization', 'java', 'azure']","This resume has a high similarity score of 10.04%, which suggests that it is likely to match the job requirements. However, there are some missing skills listed such as 'aws', 'javascript', 'html', 'authorization', 'java', and 'azure'. These skills could potentially be required for the job but cannot be determined from this resume alone."
job_15,13405733.pdf,1,0.1464696182397132,41.18,"['angular', 'vue', 'version control', 'javascript', 'html', 'java', 'jenkins', 'react', 'elt', 'css']","This resume has a high similarity score of 14.65%, which suggests that it is likely to match the job requirements. However, there are some missing skills listed such as angular, vue, version control, java, jenkins, react, elt, and css. These skills could potentially be important for the specific job, but they are not mentioned in this resume. Therefore, it may be worth contacting the hiring manager or recruiter to discuss how these skills can be addressed or why they are not necessary for the role."
job_15,16899268.pdf,2,0.1380808201655124,17.65,"['rag', 'angular', 'vue', 'git', 'version control', 'javascript', 'html', 'java', 'jenkins', 'excel', 'react', 'elt', 'agile', 'css']","Based on the skills listed, it seems like the person who created this resume has a good understanding of various programming languages and technologies such as JavaScript, HTML, CSS, React, Vue.js, Git, Java, and more. However, they seem to be missing some key skills that are required for the job, such as experience with version control systems (e.g., Git), working with CSS, and familiarity with agile methodologies. As a result, it may not be the best fit for this particular role."
job_15,18159866.pdf,3,0.1241851006332505,29.41,"['angular', 'vue', 'git', 'version control', 'javascript', 'html', 'java', 'jenkins', 'react', 'elt', 'agile', 'css']","This resume is missing some important skills, such as angular, vue, and version control. However, it has a high similarity score of 12.42%, which suggests that it may still be relevant for the job even with these gaps in its skill set."
job_15,17681064.pdf,4,0.1145540421882859,17.65,"['rag', 'angular', 'vue', 'git', 'version control', 'javascript', 'html', 'java', 'jenkins', 'excel', 'react', 'elt', 'agile', 'css']","Based on the skills listed, it appears that the person who created this resume has a strong background in programming languages such as Java and JavaScript. However, they also have experience with other technologies like HTML, CSS, and React. Additionally, they may be familiar with version control systems like Git and Jenkins. These are all important skills for someone looking to work on web development projects. While the person does not mention any specific job roles in their skillset, they do demonstrate a range of technical abilities that would likely be valuable in many different positions."
job_15,12763627.pdf,5,0.1039477013823838,41.18,"['rag', 'angular', 'vue', 'version control', 'jenkins', 'excel', 'react', 'elt', 'agile', 'css']","This resume has a high similarity score of 10.39%, which suggests that it is likely to match the job requirements. However, there are some missing skills listed such as 'rag', 'angular', 'vue', 'version control', 'jenkins', and 'excel'. These skills could potentially be important for the specific job and would help improve the overall fit of this resume."
job_16,16186411.pdf,1,0.1360272243491569,91.67,['php'],"Based on the skills and similarity score, it seems that the resume is a good fit for the job. However, the missing skill of ""php"" may affect its overall compatibility with the job requirements."
job_16,18159866.pdf,2,0.1338001246031529,33.33,"['database', 'javascript', 'html', 'sql', 'java', 'php', 'bootstrap', 'mysql']","This resume has a high similarity score because it includes several relevant skills, such as programming languages and database management. However, it is missing some important skills like HTML, SQL, Java, PHP, and Bootstrap. These are essential tools for many jobs in the field of web development or software engineering. Therefore, while this resume shows potential, it may not be a good fit for the specific job listed."
job_16,13405733.pdf,3,0.1247770756676384,50.0,"['javascript', 'html', 'php', 'java', 'bootstrap', 'mysql']","This resume has a good fit with the job requirements as it includes relevant skills such as Python, SQL, and data analysis. However, it lacks some important skills like JavaScript, HTML, PHP, Java, and Bootstrap which are commonly used in web development jobs. Therefore, while the resume is still strong, it may not match the specific job description."
job_16,16899268.pdf,4,0.1191620573239874,33.33,"['database', 'javascript', 'html', 'sql', 'java', 'php', 'bootstrap', 'mysql']","This resume has a high similarity score of 11.92%, which suggests that it is likely to match the job requirements. However, there are some missing skills listed such as ""database"", ""javascript"", ""html"", ""sql"", ""java"", ""php"", and ""bootstrap"". It's important for job seekers to consider adding these skills to their resume to increase their chances of matching the job requirements."
job_16,14789139.pdf,5,0.1189264154689679,50.0,"['javascript', 'html', 'php', 'java', 'bootstrap', 'mysql']","This resume is missing some important skills, such as JavaScript, HTML, PHP, Java, and Bootstrap. These are commonly used programming languages and frameworks for web development. Without these skills, it may be difficult to fully understand and apply the principles of the job posting. Additionally, the similarity score suggests that there are other resumes in the pool that match this job more closely than this one."
job_17,18159866.pdf,1,0.0611721075226102,80.0,['database'],"Based on the skills and similarity score, it seems that the resume is a good fit for the job as it has a high matching score of 80%. However, there are some missing skills listed such as ""database"" which may affect its overall suitability for the role."
job_17,13385306.pdf,2,0.0602820225355369,100.0,[],"Based on the skills and matching similarity score, it seems that this resume is a good fit for the job_17. The missing skills are important to the role and can be added as they are relevant to the job requirements."
job_17,13405733.pdf,3,0.0576070372633848,100.0,[],"Based on the skills and similarity score, it seems that this resume is a good fit for the job_17. The matching skills indicate that the candidate has the necessary knowledge and experience to perform the job well. Additionally, the similarity score shows that there are some commonalities between the candidate's background and the requirements of the job, which suggests that they may be a good match for the role."
job_17,15651486.pdf,4,0.0542790192254474,100.0,[],"Based on the skills listed, it seems like the person has a good understanding of various programming languages and also has experience working with databases. However, there are some missing skills that the job description may require, such as proficiency in data analysis or web development. As a result, while the resume matches the job requirements to an extent, it is not a perfect match."
job_17,12635195.pdf,5,0.0536933115903187,80.0,['database'],"Based on the skills and similarity score, it seems that this resume is a good fit for the job_17. However, it's missing an important skill 'database', which may affect its overall suitability for the role."
job_18,13385306.pdf,1,0.253478891153548,63.64,"['excel', 'rag', 'performance optimization', 'monitoring']","Based on the skills listed, it seems like the person has a good understanding of various technical skills required for the job. However, they seem to be missing some important soft skills such as communication and problem-solving abilities. The similarity score suggests that there is a moderate level of compatibility between their resume and the job requirements."
job_18,18159866.pdf,2,0.2494434332279117,54.55,"['database', 'monitoring', 'sql', 'performance optimization', 'sql server']","Based on the skills listed, it seems like the person has a good understanding of various programming languages and databases. However, they are missing some important skills such as monitoring and SQL optimization which are essential for performing well in the role. Therefore, while their resume may be strong in other areas, these missing skills make it less likely that they would match the job requirements perfectly."
job_18,13405733.pdf,3,0.2301312391808962,72.73,"['sql server', 'performance optimization', 'monitoring']","Based on the skills listed, it is clear that the candidate has a strong background in programming and software development. However, they are missing some specific technical skills such as SQL Server and performance optimization. The similarity score of 23% suggests that there may be some overlap between the candidate's skillset and the job requirements, but there are still some differences to consider when evaluating their suitability for the role."
job_18,18067556.pdf,4,0.2059401654842036,72.73,"['sql server', 'performance optimization', 'monitoring']","Based on the skills listed, it is clear that the candidate has a strong background in programming and software development. However, they are missing some specific technical skills such as SQL Server and performance optimization. The similarity score of 20.59% suggests that there may be some overlap between the candidate's skillset and the job requirements, but there are still some differences to consider. Therefore, it is recommended for the candidate to further explore the job description and provide additional information about their relevant experience and skills to improve their chances of matching with the job."
job_18,17641670.pdf,5,0.2051157019455855,45.45,"['database', 'monitoring', 'oracle', 'sql', 'performance optimization', 'sql server']","Based on the skills listed, it is clear that the candidate has a strong background in programming and database management. However, they are missing several key skills such as monitoring and SQL optimization which are essential for performing well in the role of a Database Administrator. Therefore, while their resume matches the job requirements to some extent, there is still room for improvement in terms of matching the specific skills required for the position."
job_20,18159866.pdf,1,0.1615016849384872,17.86,"['database', 'aws', 'bash', 'monitoring', 'git', 'terraform', 'java', 'postgresql', 'linux', 'redshift', 'gitlab', 'ux', 'kubernetes', 'kafka', 'bigquery', 'gcp', 'jenkins', 'ansible', 'elasticsearch', 'scalability', 'sql', 'mongodb', 'python']","Based on the skills listed, it seems like the job requires a combination of programming languages (such as Python and Java) and database technologies (such as PostgreSQL). However, there are some missing skills that the candidate may need to have a better chance at being considered for the position, such as experience with AWS or Terraform. Without these skills, it's likely that the candidate's resume will not match the job requirements."
job_20,17641670.pdf,2,0.1421067615841394,17.86,"['database', 'aws', 'bash', 'monitoring', 'git', 'terraform', 'java', 'postgresql', 'linux', 'redshift', 'gitlab', 'ux', 'kubernetes', 'kafka', 'bigquery', 'gcp', 'jenkins', 'ansible', 'elasticsearch', 'scalability', 'sql', 'mongodb', 'python']","Based on the skills listed, it seems like the job requires a combination of programming languages such as Python and Java, as well as experience with databases and cloud platforms like AWS and Redshift. Additionally, monitoring tools and Git are also likely needed for software development tasks. However, there is no mention of other technologies such as Terraform or Kubernetes, which could be relevant depending on the specific job requirements. Overall, it seems that this resume may not match the job based on the skills listed alone."
job_20,18067556.pdf,3,0.139938123042226,42.86,"['gcp', 'ansible', 'elasticsearch', 'monitoring', 'bash', 'git', 'terraform', 'java', 'postgresql', 'mongodb', 'redshift', 'kafka', 'gitlab', 'bigquery', 'jenkins', 'kubernetes']","This resume is missing a few key skills such as GCP, Ansible, Elasticsearch, Monitoring, Bash, Git, Terraform, Java, PostgreSQL, MongoDB, Redshift, Kafka, Jenkins, and BigQuery. These are some of the most commonly used tools in the IT industry for job roles such as DevOps Engineer, Cloud Architect, Data Analyst, etc. Therefore, it may not be a good fit for these types of jobs."
job_20,17111768.pdf,4,0.1370686840243708,28.57,"['aws', 'monitoring', 'bash', 'git', 'terraform', 'java', 'postgresql', 'redshift', 'gitlab', 'kubernetes', 'kafka', 'bigquery', 'gcp', 'scala', 'jenkins', 'ansible', 'elasticsearch', 'scalability', 'mongodb', 'python']","Based on the skills listed, it appears that the person has a good understanding of various technologies used in software development and related fields. However, there are some missing skills such as AWS, monitoring, bash, Git, Terraform, Java, PostgreSQL, Redshift, Jenkins, Kubernetes, Kafka, BigQuery, GCP, Scala, Jenkins, Ansible, Elasticsearch, and MongoDB. Therefore, it is possible that the person may not have experience with these technologies or may need to consider learning them in order to be a good fit for"
job_20,15802627.pdf,5,0.1300188274549317,21.43,"['aws', 'monitoring', 'bash', 'git', 'terraform', 'java', 'postgresql', 'linux', 'redshift', 'gitlab', 'ux', 'kubernetes', 'kafka', 'bigquery', 'gcp', 'jenkins', 'ansible', 'elasticsearch', 'scalability', 'sql', 'mongodb', 'python']","Based on the skills listed, it seems like the person who created this resume has a good understanding of various technologies used in the IT industry such as AWS, monitoring, bash, Git, Terraform, Java, PostgreSQL, Linux, Redshift, Jenkins, Ansible, Elasticsearch, Scalability, SQL, MongoDB, Python. However, they seem to be missing some important skills like AWS Security, Monitoring and Alerting, Kubernetes Fundamentals, Kafka Streams, BigQuery Data Analyst, GCP Engineer, Jenkins Administrator, and Dev"
job_21,13385306.pdf,1,0.1209397617944892,60.0,"['rag', 'linux', 'scala', 'ux']","This resume is missing skills such as ""rag"" and ""scala"", which are relevant to the job. Additionally, the similarity score is only 12.09%, indicating that there may be some overlap between the candidate's skills and the requirements of the job. However, it still has a high level of compatibility with the job based on the other skills it does have, such as ""ux""."
job_21,16186411.pdf,2,0.1196243550135268,50.0,"['rag', 'oracle', 'linux', 'scala', 'ux']","This resume has a high similarity score of 11.96%, which suggests that it is likely to match the job requirements and preferences. However, there are some missing skills listed such as 'rag', 'oracle', 'linux', 'scala', and 'ux'. It's important for job seekers to consider these skills when crafting their resume to ensure a better chance of matching with the job."
job_21,18067556.pdf,3,0.1160763730228274,100.0,[],"Based on the skills and similarities between your resume and the job posting, it seems that you may be a good fit for this position. However, there are some missing skills listed in your profile which could affect your ability to perform the required duties."
job_21,18159866.pdf,4,0.1154774860669513,60.0,"['database', 'linux', 'sql', 'ux']","This resume is missing a few skills, such as ""database"" and ""Linux,"" which are necessary for the job of a software engineer. However, the matched skills (60%) suggest that the candidate has the required knowledge and experience to perform well in this role."
job_21,13836471.pdf,5,0.1114731009011642,60.0,"['scala', 'linux', 'oracle', 'ux']","This resume has a high similarity score, indicating that it is likely to match the job requirements and preferences. However, it lacks some skills mentioned in the job posting, such as ""scala"" and ""oracle"". Therefore, while the matching is good, there may be some room for improvement by adding these missing skills to the resume."
job_22,16899268.pdf,1,0.1082051013793588,40.0,"['database', 'monitoring', 'git', 'javascript', 'html', 'java']","This resume has a high similarity score of 10.82%, which suggests that it is likely to match the job requirements. However, there are some missing skills listed such as ""database"", ""monitoring"", ""git"", ""javascript"", and ""html"". Without these skills being included in the resume, it may not be a perfect fit for the job."
job_22,16186411.pdf,2,0.0896179295352874,90.0,['monitoring'],"Based on the skills listed, it appears that the job_22 is a suitable match for the AI's system. However, the missing skill 'monitoring' could affect the overall suitability of the candidate for the role. Without knowing more about the specific requirements and responsibilities of the position, it's difficult to say whether or not the candidate would be a good fit."
job_22,12763627.pdf,3,0.0674202195604501,80.0,"['go', 'monitoring']","Based on the skills listed, it seems like the job_22 requires a combination of programming languages such as Python and Go along with experience working with monitoring tools. The candidate's resume lists these skills with a moderate level of confidence. However, there are two missing skills in the list: 'go' and 'monitoring'. Without knowing if these skills are essential to the job or not, it is difficult to say whether this candidate would be a good fit for the position."
job_22,13405733.pdf,4,0.0660869935205125,60.0,"['java', 'javascript', 'html', 'monitoring']","Based on the skills listed, it is clear that the candidate has a strong background in programming languages such as Java and JavaScript. However, they lack experience with HTML and Monitoring. The similarity score of 6.61% suggests that there are some areas where the candidate's skills may not be fully aligned with the job requirements. Therefore, further evaluation may be required to determine if this candidate is a good fit for the role."
job_22,18159866.pdf,5,0.0654047239958904,40.0,"['database', 'monitoring', 'git', 'javascript', 'html', 'java']","This resume is missing a few skills such as database, monitoring, Git, JavaScript, HTML, and Java. These are important for the role of job_22 as they involve working with various databases, managing server logs, and implementing software updates. Without these skills, it may be difficult to effectively perform the job. Therefore, this resume does not match the job requirements."
job_23,16899268.pdf,1,0.150803016986227,23.53,"['unit testing', 'docker', 'git', 'javascript', 'sql', 'java', 'postgresql', 'flask', 'linux', 'scrum', 'ux', 'python', 'agile']","Based on the skills listed, it appears that the person has a good understanding of programming languages and software development methodologies such as Scrum and Agile. However, they are missing some key technologies such as unit testing, docker, Git, JavaScript, SQL, Java, PostgreSQL, Flask, Linux, UX, and Python. Therefore, it is possible that the person may not have experience with these technologies or may need to further develop their skills in order to be a good fit for this job."
job_23,18159866.pdf,2,0.1430490417017324,23.53,"['unit testing', 'docker', 'git', 'javascript', 'sql', 'java', 'postgresql', 'flask', 'linux', 'scrum', 'ux', 'python', 'agile']","Based on the skills listed, it appears that the person has a good understanding of various programming languages and tools such as Flask, JavaScript, SQL, Python, and Scrum. However, they are missing unit testing, docker, Git, Java, PostgreSQL, and UX which are important concepts for many jobs. As a result, their resume may not match the job requirements perfectly but could still be considered due to the other skills they possess."
job_23,13405733.pdf,3,0.1223791903043375,47.06,"['unit testing', 'docker', 'javascript', 'java', 'postgresql', 'flask', 'linux', 'scrum', 'ux']","This resume has a similarity score of 12.24%, which means that there are some skills that the candidate is missing, but the matching skills are still strong enough to make the candidate a good fit for the job. The candidate's experience with unit testing, docker, JavaScript, Java, PostgreSQL, Flask, and Linux suggests they have the necessary technical skills for the role. However, their lack of experience with Scrum, UX design, and SQL may limit their ability to fully contribute to the team's success."
job_23,16186411.pdf,4,0.119484909466948,58.82,"['unit testing', 'docker', 'postgresql', 'flask', 'linux', 'ux', 'python']","Based on the skills listed, it seems like the person has a good understanding of programming languages and web development frameworks such as Flask and Django. However, they are missing some specific skills that would be relevant for the job, such as unit testing and Docker. Without these skills, it may be difficult to fully match the candidate's resume with the job requirements."
job_23,17641670.pdf,5,0.1171663414765318,23.53,"['unit testing', 'docker', 'git', 'javascript', 'sql', 'java', 'postgresql', 'flask', 'linux', 'scrum', 'ux', 'python', 'agile']","Based on the skills listed, it appears that the job requires a combination of programming languages and software development methodologies such as Scrum and Agile. However, there are several missing skills listed, including unit testing, docker, Git, JavaScript, SQL, Java, PostgreSQL, Flask, Linux, UX, and Python. While the candidate's resume lists some of these skills (such as JavaScript), it is not comprehensive enough to match the job requirements. Therefore, it is unlikely that this resume matches the job."
job_24,17641670.pdf,1,0.3400998164471461,55.56,"['database', 'sql server', 'sql', 'express']","Based on the skills listed, it seems like the person has experience with database management and SQL Server, but may be lacking in experience with SQL and Express. The similarity score shows that there is a moderate overlap between their skills and the requirements of the job, which suggests that they could potentially be a good fit for the role. However, without knowing more about the specific requirements and responsibilities of the position, it's difficult to say whether or not this person would be a perfect match."
job_24,13836471.pdf,2,0.2742442723057233,66.67,"['excel', 'go', 'express']","Based on the skills listed, it appears that the person has a good understanding of various programming languages and data analysis tools, which are likely necessary for the role of job_24. However, they lack experience with Microsoft Excel and Microsoft Power BI, which are commonly used in this position. Therefore, while their resume matches the job requirements based on skills alone, further exploration may be needed to determine if they have the required experience."
job_24,13477922.pdf,3,0.2691949529233599,33.33,"['database', 'go', 'sql', 'express', 'excel', 'sql server']","Based on the skills listed, it appears that the person has a good understanding of programming languages such as Python and Java. However, they are missing skills like database management, Go language, SQL, Express, Excel, and SQL Server which are required for the job. Therefore, this resume may not match the job requirements."
job_24,16533554.pdf,4,0.2580499225703423,44.44,"['database', 'sql', 'express', 'excel', 'sql server']","This resume is missing a few skills that are required for the job, such as database management and SQL querying. However, the matched skills (44.44%) suggest that the candidate has the necessary knowledge and experience to perform the job effectively. With some additional training and skill-building, they may be able to improve their similarity score even further."
job_24,15802627.pdf,5,0.2570860346018052,55.56,"['excel', 'sql server', 'sql', 'express']","Based on the skills listed, it appears that the person has a good understanding of Microsoft Office and database management. However, they are missing skills such as SQL Server and SQL which may limit their ability to perform certain tasks required for the role. The similarity score shows that there is a gap between the person's skillset and the job requirements, but there is still a chance that the person could be considered for the position if additional skills can be learned or acquired."
job_25,16899268.pdf,1,0.0897533845530145,57.14,"['python', 'html', 'php']","Based on the skills listed, it seems like the person has a good understanding of various programming languages and web development frameworks. However, they are missing some specific skills such as HTML and PHP which are commonly used in web development. As a result, while their resume may be relevant for other jobs that require similar skills, this particular job may not be a good match due to the missing skills."
job_25,12763627.pdf,2,0.081454085295196,57.14,"['python', 'go', 'php']","Based on the skills listed, it appears that the person has a good understanding of programming languages such as Python and Go. However, they are missing skills such as PHP which is required for some jobs in the industry. The similarity score shows that there is an 8.15% chance that this resume matches the job requirements based on the matching skills alone."
job_25,16186411.pdf,3,0.0728872415667007,71.43,"['python', 'php']","Based on the skills listed, it appears that the person has a good understanding of various programming languages and also has experience working with PHP. However, they are missing two specific skills: Python and SQL. Without these skills being present in their resume, it is unlikely that this candidate would be considered for the specific job requirements mentioned in the job posting."
job_25,12635195.pdf,4,0.0684931014266006,71.43,"['html', 'php']","Based on the skills listed, it seems like job_25 requires someone with experience working with HTML and PHP programming languages. However, there are no specific keywords indicating that these skills should be included in the resume. Therefore, while the resume may have some overlap with other candidates who also lack these skills, it is unlikely to match the exact requirements of the job."
job_25,13405733.pdf,5,0.0656216068239256,71.43,"['html', 'php']","Based on the skills listed, it appears that the person has a good understanding of various programming languages and web development concepts. However, they are missing two specific skills, HTML and PHP, which are necessary for some job opportunities. Despite these gaps in their skill set, the resume still shows a strong match with the job as the person's experience and education align well with the requirements of the position."
