job_id,resume_id,skill_match_percent,missing_skills
job_0,12045067.pdf,100.0,[]
job_0,12334140.pdf,100.0,[]
job_0,12635195.pdf,100.0,[]
job_0,12763627.pdf,100.0,[]
job_0,13385306.pdf,100.0,[]
job_0,13405733.pdf,100.0,[]
job_0,13477922.pdf,100.0,[]
job_0,13836471.pdf,100.0,[]
job_0,14789139.pdf,100.0,[]
job_0,15118506.pdf,100.0,[]
job_0,15297298.pdf,100.0,[]
job_0,15651486.pdf,100.0,[]
job_0,15791766.pdf,100.0,[]
job_0,15802627.pdf,100.0,[]
job_0,16186411.pdf,100.0,[]
job_0,16533554.pdf,100.0,[]
job_0,16899268.pdf,100.0,[]
job_0,17111768.pdf,100.0,[]
job_0,17641670.pdf,100.0,[]
job_0,17681064.pdf,100.0,[]
job_0,17688766.pdf,100.0,[]
job_0,17987433.pdf,100.0,[]
job_0,18067556.pdf,100.0,[]
job_0,18159866.pdf,100.0,[]
job_0,18176523.pdf,100.0,[]
job_1,12045067.pdf,27.27,"['django', 'unit testing', 'sql', 'flask', 'linux', 'api development', 'ux', 'python']"
job_1,12334140.pdf,27.27,"['django', 'unit testing', 'sql', 'flask', 'linux', 'api development', 'ux', 'python']"
job_1,12635195.pdf,36.36,"['django', 'unit testing', 'sql', 'flask', 'linux', 'api development', 'ux']"
job_1,12763627.pdf,27.27,"['django', 'unit testing', 'go', 'flask', 'linux', 'api development', 'ux', 'python']"
job_1,13385306.pdf,36.36,"['django', 'unit testing', 'flask', 'linux', 'api development', 'ux', 'python']"
job_1,13405733.pdf,45.45,"['django', 'unit testing', 'flask', 'linux', 'api development', 'ux']"
job_1,13477922.pdf,18.18,"['django', 'unit testing', 'go', 'sql', 'flask', 'linux', 'api development', 'ux', 'python']"
job_1,13836471.pdf,27.27,"['django', 'unit testing', 'go', 'flask', 'linux', 'api development', 'ux', 'python']"
job_1,14789139.pdf,36.36,"['django', 'unit testing', 'flask', 'linux', 'api development', 'ux', 'python']"
job_1,15118506.pdf,27.27,"['django', 'unit testing', 'sql', 'flask', 'linux', 'api development', 'ux', 'python']"
job_1,15297298.pdf,27.27,"['django', 'unit testing', 'sql', 'flask', 'linux', 'api development', 'ux', 'python']"
job_1,15651486.pdf,54.55,"['django', 'unit testing', 'flask', 'api development', 'python']"
job_1,15791766.pdf,27.27,"['django', 'unit testing', 'sql', 'flask', 'linux', 'api development', 'ux', 'python']"
job_1,15802627.pdf,27.27,"['django', 'unit testing', 'sql', 'flask', 'linux', 'api development', 'ux', 'python']"
job_1,16186411.pdf,36.36,"['django', 'unit testing', 'flask', 'linux', 'api development', 'ux', 'python']"
job_1,16533554.pdf,27.27,"['django', 'unit testing', 'sql', 'flask', 'linux', 'api development', 'ux', 'python']"
job_1,16899268.pdf,27.27,"['django', 'unit testing', 'sql', 'flask', 'linux', 'api development', 'ux', 'python']"
job_1,17111768.pdf,54.55,"['django', 'unit testing', 'flask', 'api development', 'python']"
job_1,17641670.pdf,27.27,"['django', 'unit testing', 'sql', 'flask', 'linux', 'api development', 'ux', 'python']"
job_1,17681064.pdf,27.27,"['django', 'unit testing', 'sql', 'flask', 'linux', 'api development', 'ux', 'python']"
job_1,17688766.pdf,36.36,"['django', 'unit testing', 'flask', 'linux', 'api development', 'ux', 'python']"
job_1,17987433.pdf,27.27,"['django', 'unit testing', 'sql', 'flask', 'linux', 'api development', 'ux', 'python']"
job_1,18067556.pdf,63.64,"['django', 'unit testing', 'flask', 'api development']"
job_1,18159866.pdf,27.27,"['django', 'unit testing', 'sql', 'flask', 'linux', 'api development', 'ux', 'python']"
job_1,18176523.pdf,27.27,"['django', 'unit testing', 'go', 'flask', 'linux', 'api development', 'ux', 'python']"
job_2,12045067.pdf,36.36,"['tensorflow', 'pytorch', 'deep learning', 'java', 'python', 'machine learning', 'spark']"
job_2,12334140.pdf,36.36,"['tensorflow', 'pytorch', 'deep learning', 'java', 'python', 'machine learning', 'spark']"
job_2,12635195.pdf,54.55,"['tensorflow', 'pytorch', 'deep learning', 'machine learning', 'spark']"
job_2,12763627.pdf,36.36,"['tensorflow', 'go', 'pytorch', 'deep learning', 'python', 'machine learning', 'spark']"
job_2,13385306.pdf,36.36,"['tensorflow', 'pytorch', 'deep learning', 'java', 'python', 'machine learning', 'spark']"
job_2,13405733.pdf,45.45,"['tensorflow', 'pytorch', 'deep learning', 'java', 'machine learning', 'spark']"
job_2,13477922.pdf,27.27,"['tensorflow', 'go', 'pytorch', 'deep learning', 'java', 'python', 'machine learning', 'spark']"
job_2,13836471.pdf,27.27,"['tensorflow', 'go', 'pytorch', 'deep learning', 'java', 'python', 'machine learning', 'spark']"
job_2,14789139.pdf,36.36,"['tensorflow', 'pytorch', 'deep learning', 'java', 'python', 'machine learning', 'spark']"
job_2,15118506.pdf,36.36,"['tensorflow', 'pytorch', 'deep learning', 'java', 'python', 'machine learning', 'spark']"
job_2,15297298.pdf,36.36,"['tensorflow', 'pytorch', 'deep learning', 'java', 'python', 'machine learning', 'spark']"
job_2,15651486.pdf,36.36,"['tensorflow', 'pytorch', 'deep learning', 'java', 'python', 'machine learning', 'spark']"
job_2,15791766.pdf,36.36,"['tensorflow', 'pytorch', 'deep learning', 'java', 'python', 'machine learning', 'spark']"
job_2,15802627.pdf,36.36,"['tensorflow', 'pytorch', 'deep learning', 'java', 'python', 'machine learning', 'spark']"
job_2,16186411.pdf,45.45,"['tensorflow', 'pytorch', 'deep learning', 'python', 'machine learning', 'spark']"
job_2,16533554.pdf,36.36,"['tensorflow', 'pytorch', 'deep learning', 'java', 'python', 'machine learning', 'spark']"
job_2,16899268.pdf,36.36,"['tensorflow', 'pytorch', 'deep learning', 'java', 'python', 'machine learning', 'spark']"
job_2,17111768.pdf,36.36,"['tensorflow', 'pytorch', 'deep learning', 'java', 'python', 'machine learning', 'spark']"
job_2,17641670.pdf,36.36,"['tensorflow', 'pytorch', 'deep learning', 'java', 'python', 'machine learning', 'spark']"
job_2,17681064.pdf,36.36,"['tensorflow', 'pytorch', 'deep learning', 'java', 'python', 'machine learning', 'spark']"
job_2,17688766.pdf,36.36,"['tensorflow', 'pytorch', 'deep learning', 'java', 'python', 'machine learning', 'spark']"
job_2,17987433.pdf,36.36,"['tensorflow', 'pytorch', 'deep learning', 'java', 'python', 'machine learning', 'spark']"
job_2,18067556.pdf,45.45,"['tensorflow', 'pytorch', 'deep learning', 'java', 'machine learning', 'spark']"
job_2,18159866.pdf,36.36,"['tensorflow', 'pytorch', 'deep learning', 'java', 'python', 'machine learning', 'spark']"
job_2,18176523.pdf,18.18,"['tensorflow', 'go', 'ui', 'pytorch', 'deep learning', 'java', 'python', 'machine learning', 'spark']"
job_3,12045067.pdf,75.0,['excel']
job_3,12334140.pdf,100.0,[]
job_3,12635195.pdf,75.0,['excel']
job_3,12763627.pdf,75.0,['excel']
job_3,13385306.pdf,75.0,['excel']
job_3,13405733.pdf,100.0,[]
job_3,13477922.pdf,75.0,['excel']
job_3,13836471.pdf,75.0,['excel']
job_3,14789139.pdf,75.0,['excel']
job_3,15118506.pdf,100.0,[]
job_3,15297298.pdf,100.0,[]
job_3,15651486.pdf,75.0,['excel']
job_3,15791766.pdf,100.0,[]
job_3,15802627.pdf,75.0,['excel']
job_3,16186411.pdf,100.0,[]
job_3,16533554.pdf,75.0,['excel']
job_3,16899268.pdf,75.0,['excel']
job_3,17111768.pdf,100.0,[]
job_3,17641670.pdf,100.0,[]
job_3,17681064.pdf,75.0,['excel']
job_3,17688766.pdf,75.0,['excel']
job_3,17987433.pdf,75.0,['excel']
job_3,18067556.pdf,100.0,[]
job_3,18159866.pdf,100.0,[]
job_3,18176523.pdf,50.0,"['excel', 'ui']"
job_4,12045067.pdf,29.41,"['scalability', 'angular', 'vue', 'git', 'javascript', 'html', 'java', 'scala', 'ux', 'excel', 'agile', 'css']"
job_4,12334140.pdf,29.41,"['scalability', 'angular', 'vue', 'git', 'javascript', 'html', 'java', 'scala', 'ux', 'react', 'agile', 'css']"
job_4,12635195.pdf,35.29,"['scalability', 'angular', 'vue', 'git', 'html', 'scala', 'ux', 'excel', 'react', 'agile', 'css']"
job_4,12763627.pdf,41.18,"['go', 'scalability', 'angular', 'vue', 'scala', 'ux', 'excel', 'react', 'agile', 'css']"
job_4,13385306.pdf,29.41,"['scalability', 'angular', 'vue', 'git', 'javascript', 'html', 'java', 'scala', 'ux', 'excel', 'react', 'css']"
job_4,13405733.pdf,41.18,"['scalability', 'angular', 'vue', 'javascript', 'html', 'java', 'scala', 'ux', 'react', 'css']"
job_4,13477922.pdf,17.65,"['angular', 'vue', 'git', 'javascript', 'java', 'scala', 'ux', 'excel', 'go', 'scalability', 'html', 'react', 'agile', 'css']"
job_4,13836471.pdf,17.65,"['go', 'scalability', 'angular', 'vue', 'git', 'javascript', 'html', 'java', 'scala', 'ux', 'excel', 'react', 'agile', 'css']"
job_4,14789139.pdf,23.53,"['scalability', 'angular', 'vue', 'git', 'javascript', 'html', 'java', 'scala', 'ux', 'excel', 'react', 'agile', 'css']"
job_4,15118506.pdf,35.29,"['scalability', 'angular', 'vue', 'javascript', 'html', 'java', 'scala', 'ux', 'react', 'agile', 'css']"
job_4,15297298.pdf,29.41,"['scalability', 'angular', 'vue', 'git', 'javascript', 'html', 'java', 'scala', 'ux', 'react', 'agile', 'css']"
job_4,15651486.pdf,29.41,"['scalability', 'angular', 'vue', 'git', 'javascript', 'html', 'java', 'scala', 'excel', 'react', 'agile', 'css']"
job_4,15791766.pdf,35.29,"['scalability', 'angular', 'vue', 'git', 'javascript', 'html', 'java', 'scala', 'ux', 'react', 'css']"
job_4,15802627.pdf,29.41,"['scalability', 'angular', 'vue', 'git', 'javascript', 'html', 'java', 'ux', 'excel', 'react', 'agile', 'css']"
job_4,16186411.pdf,58.82,"['scalability', 'angular', 'vue', 'scala', 'ux', 'react', 'css']"
job_4,16533554.pdf,23.53,"['scalability', 'angular', 'vue', 'git', 'javascript', 'html', 'java', 'scala', 'ux', 'excel', 'react', 'agile', 'css']"
job_4,16899268.pdf,23.53,"['scalability', 'angular', 'vue', 'git', 'javascript', 'html', 'java', 'scala', 'ux', 'excel', 'react', 'agile', 'css']"
job_4,17111768.pdf,35.29,"['scalability', 'angular', 'vue', 'git', 'javascript', 'html', 'java', 'scala', 'react', 'agile', 'css']"
job_4,17641670.pdf,41.18,"['scalability', 'angular', 'vue', 'git', 'javascript', 'java', 'ux', 'react', 'agile', 'css']"
job_4,17681064.pdf,23.53,"['scalability', 'angular', 'vue', 'git', 'javascript', 'html', 'java', 'scala', 'ux', 'excel', 'react', 'agile', 'css']"
job_4,17688766.pdf,23.53,"['scalability', 'angular', 'vue', 'git', 'javascript', 'html', 'java', 'scala', 'ux', 'excel', 'react', 'agile', 'css']"
job_4,17987433.pdf,29.41,"['scalability', 'angular', 'vue', 'git', 'javascript', 'html', 'java', 'scala', 'ux', 'excel', 'agile', 'css']"
job_4,18067556.pdf,52.94,"['angular', 'vue', 'git', 'javascript', 'java', 'react', 'agile', 'css']"
job_4,18159866.pdf,35.29,"['scalability', 'angular', 'vue', 'git', 'javascript', 'html', 'java', 'ux', 'react', 'agile', 'css']"
job_4,18176523.pdf,11.76,"['go', 'ui', 'scalability', 'angular', 'vue', 'git', 'javascript', 'html', 'java', 'scala', 'ux', 'excel', 'react', 'agile', 'css']"
job_5,12045067.pdf,41.67,"['database', 'scalability', 'sql', 'html', 'java', 'scala', 'mysql']"
job_5,12334140.pdf,33.33,"['database', 'scalability', 'sql', 'html', 'java', 'scala', 'react', 'mysql']"
job_5,12635195.pdf,41.67,"['database', 'scalability', 'sql', 'html', 'scala', 'react', 'mysql']"
job_5,12763627.pdf,66.67,"['scala', 'go', 'react', 'scalability']"
job_5,13385306.pdf,50.0,"['scalability', 'html', 'java', 'scala', 'react', 'mysql']"
job_5,13405733.pdf,50.0,"['scalability', 'html', 'java', 'scala', 'react', 'mysql']"
job_5,13477922.pdf,25.0,"['database', 'go', 'scalability', 'sql', 'html', 'java', 'scala', 'react', 'mysql']"
job_5,13836471.pdf,41.67,"['go', 'scalability', 'html', 'java', 'scala', 'react', 'mysql']"
job_5,14789139.pdf,50.0,"['scalability', 'html', 'java', 'scala', 'react', 'mysql']"
job_5,15118506.pdf,33.33,"['database', 'scalability', 'sql', 'html', 'java', 'scala', 'react', 'mysql']"
job_5,15297298.pdf,33.33,"['database', 'scalability', 'sql', 'html', 'java', 'scala', 'react', 'mysql']"
job_5,15651486.pdf,50.0,"['scalability', 'html', 'java', 'scala', 'react', 'mysql']"
job_5,15791766.pdf,41.67,"['scalability', 'sql', 'html', 'java', 'scala', 'react', 'mysql']"
job_5,15802627.pdf,50.0,"['scalability', 'sql', 'html', 'java', 'react', 'mysql']"
job_5,16186411.pdf,75.0,"['scala', 'react', 'scalability']"
job_5,16533554.pdf,33.33,"['database', 'scalability', 'sql', 'html', 'java', 'scala', 'react', 'mysql']"
job_5,16899268.pdf,33.33,"['database', 'scalability', 'sql', 'html', 'java', 'scala', 'react', 'mysql']"
job_5,17111768.pdf,50.0,"['scalability', 'html', 'java', 'scala', 'react', 'mysql']"
job_5,17641670.pdf,50.0,"['database', 'scalability', 'sql', 'java', 'react', 'mysql']"
job_5,17681064.pdf,33.33,"['database', 'scalability', 'sql', 'html', 'java', 'scala', 'react', 'mysql']"
job_5,17688766.pdf,41.67,"['database', 'scalability', 'html', 'java', 'scala', 'react', 'mysql']"
job_5,17987433.pdf,41.67,"['database', 'scalability', 'sql', 'html', 'java', 'scala', 'mysql']"
job_5,18067556.pdf,75.0,"['react', 'mysql', 'java']"
job_5,18159866.pdf,41.67,"['database', 'scalability', 'sql', 'html', 'java', 'react', 'mysql']"
job_5,18176523.pdf,25.0,"['database', 'go', 'ui', 'scalability', 'html', 'java', 'scala', 'react', 'mysql']"
job_6,12045067.pdf,35.29,"['elasticsearch', 'redis', 'angular', 'javascript', 'sql', 'html', 'java', 'mongodb', 'excel', 'agile', 'nodejs']"
job_6,12334140.pdf,29.41,"['elasticsearch', 'redis', 'angular', 'javascript', 'sql', 'html', 'java', 'mongodb', 'system design', 'react', 'agile', 'nodejs']"
job_6,12635195.pdf,35.29,"['elasticsearch', 'redis', 'angular', 'html', 'sql', 'mongodb', 'system design', 'excel', 'react', 'agile', 'nodejs']"
job_6,12763627.pdf,41.18,"['elasticsearch', 'redis', 'go', 'angular', 'mongodb', 'system design', 'excel', 'react', 'agile', 'nodejs']"
job_6,13385306.pdf,35.29,"['elasticsearch', 'redis', 'angular', 'javascript', 'html', 'java', 'mongodb', 'system design', 'excel', 'react', 'nodejs']"
job_6,13405733.pdf,41.18,"['elasticsearch', 'redis', 'angular', 'javascript', 'html', 'java', 'mongodb', 'system design', 'react', 'nodejs']"
job_6,13477922.pdf,17.65,"['redis', 'angular', 'javascript', 'java', 'system design', 'excel', 'elasticsearch', 'go', 'sql', 'html', 'mongodb', 'react', 'agile', 'nodejs']"
job_6,13836471.pdf,23.53,"['elasticsearch', 'redis', 'go', 'angular', 'javascript', 'html', 'java', 'mongodb', 'system design', 'excel', 'react', 'agile', 'nodejs']"
job_6,14789139.pdf,29.41,"['elasticsearch', 'redis', 'angular', 'javascript', 'html', 'java', 'mongodb', 'system design', 'excel', 'react', 'agile', 'nodejs']"
job_6,15118506.pdf,29.41,"['elasticsearch', 'redis', 'angular', 'javascript', 'sql', 'html', 'java', 'mongodb', 'system design', 'react', 'agile', 'nodejs']"
job_6,15297298.pdf,29.41,"['elasticsearch', 'redis', 'angular', 'javascript', 'sql', 'html', 'java', 'mongodb', 'system design', 'react', 'agile', 'nodejs']"
job_6,15651486.pdf,29.41,"['elasticsearch', 'redis', 'angular', 'javascript', 'html', 'java', 'mongodb', 'system design', 'excel', 'react', 'agile', 'nodejs']"
job_6,15791766.pdf,35.29,"['elasticsearch', 'redis', 'angular', 'javascript', 'sql', 'html', 'java', 'mongodb', 'system design', 'react', 'nodejs']"
job_6,15802627.pdf,23.53,"['elasticsearch', 'redis', 'angular', 'javascript', 'sql', 'html', 'java', 'mongodb', 'system design', 'excel', 'react', 'agile', 'nodejs']"
job_6,16186411.pdf,58.82,"['elasticsearch', 'redis', 'angular', 'mongodb', 'system design', 'react', 'nodejs']"
job_6,16533554.pdf,23.53,"['elasticsearch', 'redis', 'angular', 'javascript', 'sql', 'html', 'java', 'mongodb', 'system design', 'excel', 'react', 'agile', 'nodejs']"
job_6,16899268.pdf,23.53,"['elasticsearch', 'redis', 'angular', 'javascript', 'sql', 'html', 'java', 'mongodb', 'system design', 'excel', 'react', 'agile', 'nodejs']"
job_6,17111768.pdf,35.29,"['elasticsearch', 'redis', 'angular', 'javascript', 'html', 'java', 'mongodb', 'system design', 'react', 'agile', 'nodejs']"
job_6,17641670.pdf,35.29,"['elasticsearch', 'redis', 'angular', 'javascript', 'sql', 'java', 'mongodb', 'system design', 'react', 'agile', 'nodejs']"
job_6,17681064.pdf,23.53,"['elasticsearch', 'redis', 'angular', 'javascript', 'sql', 'html', 'java', 'mongodb', 'system design', 'excel', 'react', 'agile', 'nodejs']"
job_6,17688766.pdf,29.41,"['elasticsearch', 'redis', 'angular', 'javascript', 'html', 'java', 'mongodb', 'system design', 'excel', 'react', 'agile', 'nodejs']"
job_6,17987433.pdf,29.41,"['elasticsearch', 'redis', 'angular', 'javascript', 'sql', 'html', 'java', 'mongodb', 'system design', 'excel', 'agile', 'nodejs']"
job_6,18067556.pdf,41.18,"['elasticsearch', 'redis', 'angular', 'javascript', 'java', 'mongodb', 'system design', 'react', 'agile', 'nodejs']"
job_6,18159866.pdf,35.29,"['elasticsearch', 'redis', 'angular', 'javascript', 'sql', 'html', 'java', 'mongodb', 'react', 'agile', 'nodejs']"
job_6,18176523.pdf,23.53,"['elasticsearch', 'redis', 'go', 'ui', 'angular', 'javascript', 'html', 'java', 'mongodb', 'excel', 'react', 'agile', 'nodejs']"
job_7,12045067.pdf,40.0,"['javascript', 'html', 'java', 'excel', 'azure', 'nodejs']"
job_7,12334140.pdf,40.0,"['javascript', 'html', 'java', 'react', 'azure', 'nodejs']"
job_7,12635195.pdf,50.0,"['html', 'excel', 'react', 'azure', 'nodejs']"
job_7,12763627.pdf,60.0,"['excel', 'react', 'azure', 'nodejs']"
job_7,13385306.pdf,30.0,"['javascript', 'html', 'java', 'excel', 'react', 'azure', 'nodejs']"
job_7,13405733.pdf,40.0,"['javascript', 'html', 'java', 'react', 'azure', 'nodejs']"
job_7,13477922.pdf,30.0,"['javascript', 'html', 'java', 'excel', 'react', 'azure', 'nodejs']"
job_7,13836471.pdf,30.0,"['javascript', 'html', 'java', 'excel', 'react', 'azure', 'nodejs']"
job_7,14789139.pdf,30.0,"['javascript', 'html', 'java', 'excel', 'react', 'azure', 'nodejs']"
job_7,15118506.pdf,40.0,"['javascript', 'html', 'java', 'react', 'azure', 'nodejs']"
job_7,15297298.pdf,40.0,"['javascript', 'html', 'java', 'react', 'azure', 'nodejs']"
job_7,15651486.pdf,30.0,"['javascript', 'html', 'java', 'excel', 'react', 'azure', 'nodejs']"
job_7,15791766.pdf,40.0,"['javascript', 'html', 'java', 'react', 'azure', 'nodejs']"
job_7,15802627.pdf,30.0,"['javascript', 'html', 'java', 'excel', 'react', 'azure', 'nodejs']"
job_7,16186411.pdf,70.0,"['react', 'azure', 'nodejs']"
job_7,16533554.pdf,30.0,"['javascript', 'html', 'java', 'excel', 'react', 'azure', 'nodejs']"
job_7,16899268.pdf,30.0,"['javascript', 'html', 'java', 'excel', 'react', 'azure', 'nodejs']"
job_7,17111768.pdf,40.0,"['javascript', 'html', 'java', 'react', 'azure', 'nodejs']"
job_7,17641670.pdf,50.0,"['javascript', 'java', 'react', 'azure', 'nodejs']"
job_7,17681064.pdf,30.0,"['javascript', 'html', 'java', 'excel', 'react', 'azure', 'nodejs']"
job_7,17688766.pdf,30.0,"['javascript', 'html', 'java', 'excel', 'react', 'azure', 'nodejs']"
job_7,17987433.pdf,40.0,"['javascript', 'html', 'java', 'excel', 'azure', 'nodejs']"
job_7,18067556.pdf,60.0,"['react', 'javascript', 'nodejs', 'java']"
job_7,18159866.pdf,40.0,"['javascript', 'html', 'java', 'react', 'azure', 'nodejs']"
job_7,18176523.pdf,20.0,"['ui', 'javascript', 'html', 'java', 'excel', 'react', 'azure', 'nodejs']"
job_8,12045067.pdf,30.77,"['scalability', 'bash', 'java', 'php', 'hadoop', 'linux', 'scala', 'ux', 'python']"
job_8,12334140.pdf,30.77,"['scalability', 'bash', 'java', 'php', 'hadoop', 'linux', 'scala', 'ux', 'python']"
job_8,12635195.pdf,38.46,"['rag', 'scalability', 'bash', 'php', 'hadoop', 'linux', 'scala', 'ux']"
job_8,12763627.pdf,23.08,"['rag', 'go', 'scalability', 'bash', 'php', 'hadoop', 'linux', 'scala', 'ux', 'python']"
job_8,13385306.pdf,23.08,"['rag', 'scalability', 'bash', 'java', 'php', 'hadoop', 'linux', 'scala', 'ux', 'python']"
job_8,13405733.pdf,38.46,"['scalability', 'bash', 'java', 'php', 'hadoop', 'linux', 'scala', 'ux']"
job_8,13477922.pdf,15.38,"['rag', 'go', 'scalability', 'bash', 'java', 'php', 'hadoop', 'linux', 'scala', 'ux', 'python']"
job_8,13836471.pdf,23.08,"['go', 'scalability', 'bash', 'java', 'php', 'hadoop', 'linux', 'scala', 'ux', 'python']"
job_8,14789139.pdf,23.08,"['rag', 'scalability', 'bash', 'java', 'php', 'hadoop', 'linux', 'scala', 'ux', 'python']"
job_8,15118506.pdf,30.77,"['scalability', 'bash', 'java', 'php', 'hadoop', 'linux', 'scala', 'ux', 'python']"
job_8,15297298.pdf,23.08,"['rag', 'scalability', 'bash', 'java', 'php', 'hadoop', 'linux', 'scala', 'ux', 'python']"
job_8,15651486.pdf,38.46,"['rag', 'scalability', 'bash', 'java', 'php', 'hadoop', 'scala', 'python']"
job_8,15791766.pdf,30.77,"['scalability', 'bash', 'java', 'php', 'hadoop', 'linux', 'scala', 'ux', 'python']"
job_8,15802627.pdf,30.77,"['rag', 'scalability', 'bash', 'java', 'php', 'hadoop', 'linux', 'ux', 'python']"
job_8,16186411.pdf,30.77,"['rag', 'scalability', 'bash', 'php', 'hadoop', 'linux', 'scala', 'ux', 'python']"
job_8,16533554.pdf,23.08,"['rag', 'scalability', 'bash', 'java', 'php', 'hadoop', 'linux', 'scala', 'ux', 'python']"
job_8,16899268.pdf,23.08,"['rag', 'scalability', 'bash', 'java', 'php', 'hadoop', 'linux', 'scala', 'ux', 'python']"
job_8,17111768.pdf,46.15,"['scalability', 'bash', 'java', 'php', 'hadoop', 'scala', 'python']"
job_8,17641670.pdf,38.46,"['scalability', 'bash', 'java', 'php', 'hadoop', 'linux', 'ux', 'python']"
job_8,17681064.pdf,23.08,"['rag', 'scalability', 'bash', 'java', 'php', 'hadoop', 'linux', 'scala', 'ux', 'python']"
job_8,17688766.pdf,30.77,"['scalability', 'bash', 'java', 'php', 'hadoop', 'linux', 'scala', 'ux', 'python']"
job_8,17987433.pdf,23.08,"['rag', 'scalability', 'bash', 'java', 'php', 'hadoop', 'linux', 'scala', 'ux', 'python']"
job_8,18067556.pdf,69.23,"['java', 'hadoop', 'php', 'bash']"
job_8,18159866.pdf,38.46,"['scalability', 'bash', 'java', 'php', 'hadoop', 'linux', 'ux', 'python']"
job_8,18176523.pdf,23.08,"['go', 'scalability', 'bash', 'java', 'php', 'hadoop', 'linux', 'scala', 'ux', 'python']"
job_9,12045067.pdf,35.71,"['database', 'rest api', 'python', 'git', 'linux', 'ux', 'jenkins', 'unix', 'excel']"
job_9,12334140.pdf,42.86,"['database', 'rest api', 'git', 'linux', 'ux', 'jenkins', 'unix', 'python']"
job_9,12635195.pdf,35.71,"['database', 'rag', 'rest api', 'git', 'linux', 'ux', 'jenkins', 'unix', 'excel']"
job_9,12763627.pdf,35.71,"['rag', 'go', 'rest api', 'python', 'linux', 'ux', 'jenkins', 'unix', 'excel']"
job_9,13385306.pdf,35.71,"['rag', 'rest api', 'python', 'git', 'linux', 'ux', 'jenkins', 'unix', 'excel']"
job_9,13405733.pdf,64.29,"['rest api', 'linux', 'jenkins', 'ux', 'unix']"
job_9,13477922.pdf,21.43,"['database', 'rag', 'go', 'rest api', 'python', 'git', 'linux', 'ux', 'jenkins', 'unix', 'excel']"
job_9,13836471.pdf,35.71,"['rest api', 'go', 'python', 'git', 'linux', 'ux', 'jenkins', 'unix', 'excel']"
job_9,14789139.pdf,35.71,"['rag', 'rest api', 'python', 'git', 'linux', 'ux', 'jenkins', 'unix', 'excel']"
job_9,15118506.pdf,50.0,"['database', 'rest api', 'linux', 'ux', 'jenkins', 'unix', 'python']"
job_9,15297298.pdf,35.71,"['database', 'rag', 'rest api', 'git', 'linux', 'ux', 'jenkins', 'unix', 'python']"
job_9,15651486.pdf,57.14,"['rag', 'rest api', 'python', 'git', 'jenkins', 'excel']"
job_9,15791766.pdf,50.0,"['rest api', 'git', 'linux', 'jenkins', 'ux', 'unix', 'python']"
job_9,15802627.pdf,35.71,"['rag', 'rest api', 'python', 'git', 'linux', 'ux', 'jenkins', 'unix', 'excel']"
job_9,16186411.pdf,50.0,"['rag', 'rest api', 'linux', 'jenkins', 'ux', 'unix', 'python']"
job_9,16533554.pdf,28.57,"['database', 'rag', 'rest api', 'python', 'git', 'linux', 'ux', 'jenkins', 'unix', 'excel']"
job_9,16899268.pdf,28.57,"['database', 'rag', 'rest api', 'python', 'git', 'linux', 'ux', 'jenkins', 'unix', 'excel']"
job_9,17111768.pdf,71.43,"['python', 'git', 'rest api', 'jenkins']"
job_9,17641670.pdf,42.86,"['database', 'rest api', 'git', 'linux', 'ux', 'jenkins', 'unix', 'python']"
job_9,17681064.pdf,28.57,"['database', 'rag', 'rest api', 'python', 'git', 'linux', 'ux', 'jenkins', 'unix', 'excel']"
job_9,17688766.pdf,42.86,"['database', 'rest api', 'python', 'git', 'linux', 'ux', 'jenkins', 'excel']"
job_9,17987433.pdf,28.57,"['database', 'rag', 'rest api', 'python', 'git', 'linux', 'ux', 'jenkins', 'unix', 'excel']"
job_9,18067556.pdf,71.43,"['git', 'rest api', 'jenkins', 'unix']"
job_9,18159866.pdf,42.86,"['database', 'rest api', 'git', 'linux', 'ux', 'jenkins', 'unix', 'python']"
job_9,18176523.pdf,21.43,"['database', 'rest api', 'go', 'ui', 'python', 'git', 'linux', 'ux', 'jenkins', 'unix', 'excel']"
job_10,12045067.pdf,44.44,"['database', 'monitoring', 'version control', 'oracle', 'sql']"
job_10,12334140.pdf,44.44,"['database', 'monitoring', 'version control', 'oracle', 'sql']"
job_10,12635195.pdf,44.44,"['database', 'monitoring', 'version control', 'oracle', 'sql']"
job_10,12763627.pdf,66.67,"['version control', 'go', 'monitoring']"
job_10,13385306.pdf,77.78,"['version control', 'monitoring']"
job_10,13405733.pdf,77.78,"['version control', 'monitoring']"
job_10,13477922.pdf,33.33,"['database', 'go', 'monitoring', 'version control', 'sql', 'oracle']"
job_10,13836471.pdf,55.56,"['version control', 'go', 'oracle', 'monitoring']"
job_10,14789139.pdf,66.67,"['version control', 'oracle', 'monitoring']"
job_10,15118506.pdf,55.56,"['database', 'version control', 'oracle', 'sql']"
job_10,15297298.pdf,44.44,"['database', 'monitoring', 'version control', 'oracle', 'sql']"
job_10,15651486.pdf,66.67,"['version control', 'oracle', 'monitoring']"
job_10,15791766.pdf,55.56,"['version control', 'oracle', 'sql', 'monitoring']"
job_10,15802627.pdf,55.56,"['version control', 'oracle', 'sql', 'monitoring']"
job_10,16186411.pdf,77.78,"['oracle', 'monitoring']"
job_10,16533554.pdf,44.44,"['database', 'monitoring', 'version control', 'oracle', 'sql']"
job_10,16899268.pdf,44.44,"['database', 'monitoring', 'version control', 'oracle', 'sql']"
job_10,17111768.pdf,77.78,"['version control', 'monitoring']"
job_10,17641670.pdf,44.44,"['database', 'monitoring', 'version control', 'oracle', 'sql']"
job_10,17681064.pdf,66.67,"['database', 'version control', 'sql']"
job_10,17688766.pdf,55.56,"['database', 'version control', 'oracle', 'monitoring']"
job_10,17987433.pdf,44.44,"['database', 'monitoring', 'version control', 'oracle', 'sql']"
job_10,18067556.pdf,77.78,"['version control', 'monitoring']"
job_10,18159866.pdf,55.56,"['database', 'version control', 'sql', 'monitoring']"
job_10,18176523.pdf,33.33,"['database', 'go', 'ui', 'monitoring', 'version control', 'oracle']"
job_11,12045067.pdf,27.27,"['aws', 'tensorflow', 'pytorch', 'numpy', 'deep learning', 'computer vision', 'python', 'machine learning']"
job_11,12334140.pdf,27.27,"['aws', 'tensorflow', 'pytorch', 'numpy', 'deep learning', 'computer vision', 'python', 'machine learning']"
job_11,12635195.pdf,36.36,"['aws', 'tensorflow', 'pytorch', 'numpy', 'deep learning', 'computer vision', 'machine learning']"
job_11,12763627.pdf,27.27,"['aws', 'tensorflow', 'pytorch', 'numpy', 'deep learning', 'computer vision', 'python', 'machine learning']"
job_11,13385306.pdf,27.27,"['aws', 'tensorflow', 'pytorch', 'numpy', 'deep learning', 'computer vision', 'python', 'machine learning']"
job_11,13405733.pdf,36.36,"['aws', 'tensorflow', 'pytorch', 'numpy', 'deep learning', 'computer vision', 'machine learning']"
job_11,13477922.pdf,27.27,"['aws', 'tensorflow', 'pytorch', 'numpy', 'deep learning', 'computer vision', 'python', 'machine learning']"
job_11,13836471.pdf,27.27,"['aws', 'tensorflow', 'pytorch', 'numpy', 'deep learning', 'computer vision', 'python', 'machine learning']"
job_11,14789139.pdf,27.27,"['aws', 'tensorflow', 'pytorch', 'numpy', 'deep learning', 'computer vision', 'python', 'machine learning']"
job_11,15118506.pdf,27.27,"['aws', 'tensorflow', 'pytorch', 'numpy', 'deep learning', 'computer vision', 'python', 'machine learning']"
job_11,15297298.pdf,27.27,"['aws', 'tensorflow', 'pytorch', 'numpy', 'deep learning', 'computer vision', 'python', 'machine learning']"
job_11,15651486.pdf,27.27,"['aws', 'tensorflow', 'pytorch', 'numpy', 'deep learning', 'computer vision', 'python', 'machine learning']"
job_11,15791766.pdf,27.27,"['aws', 'tensorflow', 'pytorch', 'numpy', 'deep learning', 'computer vision', 'python', 'machine learning']"
job_11,15802627.pdf,27.27,"['aws', 'tensorflow', 'pytorch', 'numpy', 'deep learning', 'computer vision', 'python', 'machine learning']"
job_11,16186411.pdf,27.27,"['aws', 'tensorflow', 'pytorch', 'numpy', 'deep learning', 'computer vision', 'python', 'machine learning']"
job_11,16533554.pdf,27.27,"['aws', 'tensorflow', 'pytorch', 'numpy', 'deep learning', 'computer vision', 'python', 'machine learning']"
job_11,16899268.pdf,27.27,"['aws', 'tensorflow', 'pytorch', 'numpy', 'deep learning', 'computer vision', 'python', 'machine learning']"
job_11,17111768.pdf,27.27,"['aws', 'tensorflow', 'pytorch', 'numpy', 'deep learning', 'computer vision', 'python', 'machine learning']"
job_11,17641670.pdf,27.27,"['aws', 'tensorflow', 'pytorch', 'numpy', 'deep learning', 'computer vision', 'python', 'machine learning']"
job_11,17681064.pdf,27.27,"['aws', 'tensorflow', 'pytorch', 'numpy', 'deep learning', 'computer vision', 'python', 'machine learning']"
job_11,17688766.pdf,27.27,"['aws', 'tensorflow', 'pytorch', 'numpy', 'deep learning', 'computer vision', 'python', 'machine learning']"
job_11,17987433.pdf,27.27,"['aws', 'tensorflow', 'pytorch', 'numpy', 'deep learning', 'computer vision', 'python', 'machine learning']"
job_11,18067556.pdf,45.45,"['tensorflow', 'pytorch', 'numpy', 'deep learning', 'computer vision', 'machine learning']"
job_11,18159866.pdf,27.27,"['aws', 'tensorflow', 'pytorch', 'numpy', 'deep learning', 'computer vision', 'python', 'machine learning']"
job_11,18176523.pdf,18.18,"['aws', 'tensorflow', 'ui', 'pytorch', 'numpy', 'deep learning', 'computer vision', 'python', 'machine learning']"
job_12,12045067.pdf,37.5,"['java', 'scala', 'python', 'machine learning', 'data analysis']"
job_12,12334140.pdf,37.5,"['java', 'scala', 'python', 'machine learning', 'data analysis']"
job_12,12635195.pdf,75.0,"['machine learning', 'scala']"
job_12,12763627.pdf,37.5,"['go', 'scala', 'python', 'machine learning', 'data analysis']"
job_12,13385306.pdf,37.5,"['java', 'scala', 'python', 'machine learning', 'data analysis']"
job_12,13405733.pdf,50.0,"['machine learning', 'data analysis', 'scala', 'java']"
job_12,13477922.pdf,25.0,"['go', 'java', 'scala', 'python', 'machine learning', 'data analysis']"
job_12,13836471.pdf,25.0,"['go', 'java', 'scala', 'python', 'machine learning', 'data analysis']"
job_12,14789139.pdf,37.5,"['java', 'scala', 'python', 'machine learning', 'data analysis']"
job_12,15118506.pdf,37.5,"['java', 'scala', 'python', 'machine learning', 'data analysis']"
job_12,15297298.pdf,37.5,"['java', 'scala', 'python', 'machine learning', 'data analysis']"
job_12,15651486.pdf,37.5,"['java', 'scala', 'python', 'machine learning', 'data analysis']"
job_12,15791766.pdf,37.5,"['java', 'scala', 'python', 'machine learning', 'data analysis']"
job_12,15802627.pdf,50.0,"['python', 'machine learning', 'data analysis', 'java']"
job_12,16186411.pdf,50.0,"['python', 'machine learning', 'data analysis', 'scala']"
job_12,16533554.pdf,37.5,"['java', 'scala', 'python', 'machine learning', 'data analysis']"
job_12,16899268.pdf,50.0,"['python', 'machine learning', 'scala', 'java']"
job_12,17111768.pdf,37.5,"['java', 'scala', 'python', 'machine learning', 'data analysis']"
job_12,17641670.pdf,50.0,"['python', 'machine learning', 'data analysis', 'java']"
job_12,17681064.pdf,37.5,"['java', 'scala', 'python', 'machine learning', 'data analysis']"
job_12,17688766.pdf,37.5,"['java', 'scala', 'python', 'machine learning', 'data analysis']"
job_12,17987433.pdf,37.5,"['java', 'scala', 'python', 'machine learning', 'data analysis']"
job_12,18067556.pdf,75.0,"['machine learning', 'java']"
job_12,18159866.pdf,50.0,"['python', 'machine learning', 'data analysis', 'java']"
job_12,18176523.pdf,25.0,"['go', 'java', 'scala', 'python', 'machine learning', 'data analysis']"
job_13,12045067.pdf,25.0,"['unit testing', 'angular', 'git', 'version control', 'javascript', 'html', 'java', 'cybersecurity', 'machine learning', 'scala', 'express', 'bootstrap', 'excel', 'jenkins', 'agile']"
job_13,12334140.pdf,35.0,"['unit testing', 'angular', 'git', 'version control', 'javascript', 'html', 'java', 'cybersecurity', 'scala', 'bootstrap', 'jenkins', 'machine learning', 'agile']"
job_13,12635195.pdf,30.0,"['unit testing', 'rag', 'angular', 'git', 'version control', 'html', 'cybersecurity', 'machine learning', 'scala', 'express', 'bootstrap', 'excel', 'jenkins', 'agile']"
job_13,12763627.pdf,40.0,"['unit testing', 'go', 'rag', 'angular', 'version control', 'cybersecurity', 'scala', 'express', 'jenkins', 'excel', 'machine learning', 'agile']"
job_13,13385306.pdf,25.0,"['unit testing', 'rag', 'angular', 'git', 'version control', 'javascript', 'html', 'java', 'cybersecurity', 'machine learning', 'scala', 'express', 'bootstrap', 'excel', 'jenkins']"
job_13,13405733.pdf,45.0,"['unit testing', 'angular', 'version control', 'javascript', 'html', 'java', 'scala', 'express', 'bootstrap', 'jenkins', 'machine learning']"
job_13,13477922.pdf,15.0,"['unit testing', 'rag', 'angular', 'git', 'version control', 'javascript', 'java', 'cybersecurity', 'scala', 'express', 'bootstrap', 'excel', 'jenkins', 'machine learning', 'go', 'html', 'agile']"
job_13,13836471.pdf,20.0,"['unit testing', 'go', 'angular', 'git', 'version control', 'javascript', 'html', 'java', 'cybersecurity', 'machine learning', 'scala', 'express', 'bootstrap', 'excel', 'jenkins', 'agile']"
job_13,14789139.pdf,20.0,"['unit testing', 'rag', 'angular', 'git', 'version control', 'javascript', 'html', 'java', 'cybersecurity', 'machine learning', 'scala', 'express', 'bootstrap', 'excel', 'jenkins', 'agile']"
job_13,15118506.pdf,35.0,"['unit testing', 'angular', 'version control', 'javascript', 'html', 'java', 'cybersecurity', 'scala', 'express', 'bootstrap', 'jenkins', 'machine learning', 'agile']"
job_13,15297298.pdf,25.0,"['unit testing', 'rag', 'angular', 'git', 'version control', 'javascript', 'html', 'java', 'cybersecurity', 'scala', 'express', 'bootstrap', 'jenkins', 'machine learning', 'agile']"
job_13,15651486.pdf,25.0,"['unit testing', 'rag', 'angular', 'git', 'version control', 'javascript', 'html', 'java', 'cybersecurity', 'scala', 'bootstrap', 'jenkins', 'excel', 'machine learning', 'agile']"
job_13,15791766.pdf,35.0,"['unit testing', 'angular', 'git', 'version control', 'javascript', 'html', 'java', 'cybersecurity', 'scala', 'express', 'bootstrap', 'jenkins', 'machine learning']"
job_13,15802627.pdf,25.0,"['unit testing', 'rag', 'angular', 'git', 'version control', 'javascript', 'html', 'java', 'cybersecurity', 'jenkins', 'express', 'bootstrap', 'excel', 'machine learning', 'agile']"
job_13,16186411.pdf,60.0,"['rag', 'unit testing', 'angular', 'cybersecurity', 'scala', 'express', 'jenkins', 'machine learning']"
job_13,16533554.pdf,20.0,"['unit testing', 'rag', 'angular', 'git', 'version control', 'javascript', 'java', 'cybersecurity', 'scala', 'express', 'bootstrap', 'excel', 'jenkins', 'machine learning', 'html', 'agile']"
job_13,16899268.pdf,20.0,"['unit testing', 'rag', 'angular', 'git', 'version control', 'javascript', 'html', 'java', 'cybersecurity', 'machine learning', 'scala', 'express', 'bootstrap', 'excel', 'jenkins', 'agile']"
job_13,17111768.pdf,30.0,"['unit testing', 'angular', 'git', 'version control', 'javascript', 'html', 'java', 'cybersecurity', 'scala', 'express', 'bootstrap', 'jenkins', 'machine learning', 'agile']"
job_13,17641670.pdf,40.0,"['unit testing', 'angular', 'git', 'version control', 'javascript', 'java', 'cybersecurity', 'jenkins', 'express', 'bootstrap', 'machine learning', 'agile']"
job_13,17681064.pdf,20.0,"['unit testing', 'rag', 'angular', 'git', 'version control', 'javascript', 'html', 'java', 'cybersecurity', 'machine learning', 'scala', 'express', 'bootstrap', 'excel', 'jenkins', 'agile']"
job_13,17688766.pdf,30.0,"['unit testing', 'angular', 'git', 'version control', 'javascript', 'html', 'java', 'machine learning', 'scala', 'express', 'bootstrap', 'excel', 'jenkins', 'agile']"
job_13,17987433.pdf,20.0,"['unit testing', 'rag', 'angular', 'git', 'version control', 'javascript', 'html', 'java', 'cybersecurity', 'machine learning', 'scala', 'express', 'bootstrap', 'excel', 'jenkins', 'agile']"
job_13,18067556.pdf,40.0,"['unit testing', 'angular', 'git', 'version control', 'javascript', 'java', 'cybersecurity', 'jenkins', 'express', 'bootstrap', 'machine learning', 'agile']"
job_13,18159866.pdf,35.0,"['unit testing', 'angular', 'git', 'version control', 'javascript', 'html', 'java', 'cybersecurity', 'jenkins', 'express', 'bootstrap', 'machine learning', 'agile']"
job_13,18176523.pdf,15.0,"['unit testing', 'go', 'ui', 'angular', 'git', 'version control', 'javascript', 'html', 'java', 'cybersecurity', 'machine learning', 'scala', 'express', 'bootstrap', 'excel', 'jenkins', 'agile']"
job_14,12045067.pdf,33.33,"['database', 'aws', 'javascript', 'html', 'authorization', 'java', 'azure', 'agile']"
job_14,12334140.pdf,33.33,"['database', 'aws', 'javascript', 'html', 'authorization', 'java', 'azure', 'agile']"
job_14,12635195.pdf,50.0,"['database', 'aws', 'html', 'authorization', 'azure', 'agile']"
job_14,12763627.pdf,58.33,"['aws', 'go', 'authorization', 'azure', 'agile']"
job_14,13385306.pdf,50.0,"['aws', 'javascript', 'html', 'authorization', 'java', 'azure']"
job_14,13405733.pdf,50.0,"['aws', 'javascript', 'html', 'authorization', 'java', 'azure']"
job_14,13477922.pdf,25.0,"['database', 'aws', 'go', 'javascript', 'html', 'authorization', 'java', 'azure', 'agile']"
job_14,13836471.pdf,33.33,"['aws', 'go', 'javascript', 'html', 'authorization', 'java', 'azure', 'agile']"
job_14,14789139.pdf,41.67,"['aws', 'javascript', 'html', 'authorization', 'java', 'azure', 'agile']"
job_14,15118506.pdf,33.33,"['database', 'aws', 'javascript', 'html', 'authorization', 'java', 'azure', 'agile']"
job_14,15297298.pdf,33.33,"['database', 'aws', 'javascript', 'html', 'authorization', 'java', 'azure', 'agile']"
job_14,15651486.pdf,41.67,"['aws', 'javascript', 'html', 'authorization', 'java', 'azure', 'agile']"
job_14,15791766.pdf,50.0,"['aws', 'javascript', 'html', 'authorization', 'java', 'azure']"
job_14,15802627.pdf,41.67,"['aws', 'javascript', 'html', 'authorization', 'java', 'azure', 'agile']"
job_14,16186411.pdf,83.33,"['aws', 'azure']"
job_14,16533554.pdf,33.33,"['database', 'aws', 'javascript', 'html', 'authorization', 'java', 'azure', 'agile']"
job_14,16899268.pdf,33.33,"['database', 'aws', 'javascript', 'html', 'authorization', 'java', 'azure', 'agile']"
job_14,17111768.pdf,50.0,"['aws', 'javascript', 'html', 'java', 'azure', 'agile']"
job_14,17641670.pdf,41.67,"['database', 'aws', 'javascript', 'authorization', 'java', 'azure', 'agile']"
job_14,17681064.pdf,33.33,"['database', 'aws', 'javascript', 'html', 'authorization', 'java', 'azure', 'agile']"
job_14,17688766.pdf,33.33,"['database', 'aws', 'javascript', 'html', 'authorization', 'java', 'azure', 'agile']"
job_14,17987433.pdf,33.33,"['database', 'aws', 'javascript', 'html', 'authorization', 'java', 'azure', 'agile']"
job_14,18067556.pdf,66.67,"['javascript', 'agile', 'authorization', 'java']"
job_14,18159866.pdf,33.33,"['database', 'aws', 'javascript', 'html', 'authorization', 'java', 'azure', 'agile']"
job_14,18176523.pdf,16.67,"['database', 'aws', 'go', 'ui', 'javascript', 'html', 'authorization', 'java', 'azure', 'agile']"
job_15,12045067.pdf,29.41,"['angular', 'vue', 'git', 'version control', 'javascript', 'html', 'java', 'jenkins', 'excel', 'elt', 'agile', 'css']"
job_15,12334140.pdf,29.41,"['angular', 'vue', 'git', 'version control', 'javascript', 'html', 'java', 'jenkins', 'react', 'elt', 'agile', 'css']"
job_15,12635195.pdf,29.41,"['rag', 'angular', 'vue', 'git', 'version control', 'html', 'jenkins', 'excel', 'react', 'elt', 'agile', 'css']"
job_15,12763627.pdf,41.18,"['rag', 'angular', 'vue', 'version control', 'jenkins', 'excel', 'react', 'elt', 'agile', 'css']"
job_15,13385306.pdf,29.41,"['rag', 'angular', 'vue', 'git', 'version control', 'javascript', 'html', 'java', 'jenkins', 'excel', 'react', 'css']"
job_15,13405733.pdf,41.18,"['angular', 'vue', 'version control', 'javascript', 'html', 'java', 'jenkins', 'react', 'elt', 'css']"
job_15,13477922.pdf,17.65,"['rag', 'angular', 'vue', 'git', 'version control', 'javascript', 'java', 'jenkins', 'excel', 'elt', 'html', 'react', 'agile', 'css']"
job_15,13836471.pdf,23.53,"['angular', 'vue', 'git', 'version control', 'javascript', 'html', 'java', 'jenkins', 'excel', 'react', 'elt', 'agile', 'css']"
job_15,14789139.pdf,23.53,"['rag', 'angular', 'vue', 'git', 'version control', 'javascript', 'html', 'java', 'jenkins', 'excel', 'react', 'agile', 'css']"
job_15,15118506.pdf,35.29,"['angular', 'vue', 'version control', 'javascript', 'html', 'java', 'jenkins', 'react', 'elt', 'agile', 'css']"
job_15,15297298.pdf,23.53,"['rag', 'angular', 'vue', 'git', 'version control', 'javascript', 'html', 'java', 'jenkins', 'react', 'elt', 'agile', 'css']"
job_15,15651486.pdf,17.65,"['rag', 'angular', 'vue', 'git', 'version control', 'javascript', 'html', 'java', 'jenkins', 'excel', 'react', 'elt', 'agile', 'css']"
job_15,15791766.pdf,35.29,"['angular', 'vue', 'git', 'version control', 'javascript', 'html', 'java', 'jenkins', 'react', 'elt', 'css']"
job_15,15802627.pdf,17.65,"['rag', 'angular', 'vue', 'git', 'version control', 'javascript', 'html', 'java', 'jenkins', 'excel', 'react', 'elt', 'agile', 'css']"
job_15,16186411.pdf,58.82,"['rag', 'angular', 'vue', 'jenkins', 'react', 'elt', 'css']"
job_15,16533554.pdf,17.65,"['rag', 'angular', 'vue', 'git', 'version control', 'javascript', 'html', 'java', 'jenkins', 'excel', 'react', 'elt', 'agile', 'css']"
job_15,16899268.pdf,17.65,"['rag', 'angular', 'vue', 'git', 'version control', 'javascript', 'html', 'java', 'jenkins', 'excel', 'react', 'elt', 'agile', 'css']"
job_15,17111768.pdf,29.41,"['angular', 'vue', 'git', 'version control', 'javascript', 'html', 'java', 'jenkins', 'react', 'elt', 'agile', 'css']"
job_15,17641670.pdf,35.29,"['angular', 'vue', 'git', 'version control', 'javascript', 'java', 'jenkins', 'react', 'elt', 'agile', 'css']"
job_15,17681064.pdf,17.65,"['rag', 'angular', 'vue', 'git', 'version control', 'javascript', 'html', 'java', 'jenkins', 'excel', 'react', 'elt', 'agile', 'css']"
job_15,17688766.pdf,23.53,"['angular', 'vue', 'git', 'version control', 'javascript', 'html', 'java', 'jenkins', 'excel', 'react', 'elt', 'agile', 'css']"
job_15,17987433.pdf,23.53,"['rag', 'angular', 'vue', 'git', 'version control', 'javascript', 'html', 'java', 'jenkins', 'excel', 'elt', 'agile', 'css']"
job_15,18067556.pdf,35.29,"['angular', 'vue', 'git', 'version control', 'javascript', 'java', 'jenkins', 'react', 'elt', 'agile', 'css']"
job_15,18159866.pdf,29.41,"['angular', 'vue', 'git', 'version control', 'javascript', 'html', 'java', 'jenkins', 'react', 'elt', 'agile', 'css']"
job_15,18176523.pdf,17.65,"['ui', 'angular', 'vue', 'git', 'version control', 'javascript', 'html', 'java', 'jenkins', 'excel', 'react', 'elt', 'agile', 'css']"
job_16,12045067.pdf,33.33,"['database', 'javascript', 'html', 'sql', 'java', 'php', 'bootstrap', 'mysql']"
job_16,12334140.pdf,33.33,"['database', 'javascript', 'html', 'sql', 'java', 'php', 'bootstrap', 'mysql']"
job_16,12635195.pdf,50.0,"['database', 'html', 'sql', 'php', 'bootstrap', 'mysql']"
job_16,12763627.pdf,83.33,"['go', 'php']"
job_16,13385306.pdf,50.0,"['javascript', 'html', 'php', 'java', 'bootstrap', 'mysql']"
job_16,13405733.pdf,50.0,"['javascript', 'html', 'php', 'java', 'bootstrap', 'mysql']"
job_16,13477922.pdf,25.0,"['database', 'go', 'javascript', 'sql', 'html', 'java', 'php', 'bootstrap', 'mysql']"
job_16,13836471.pdf,41.67,"['go', 'javascript', 'html', 'php', 'java', 'bootstrap', 'mysql']"
job_16,14789139.pdf,50.0,"['javascript', 'html', 'php', 'java', 'bootstrap', 'mysql']"
job_16,15118506.pdf,33.33,"['database', 'javascript', 'html', 'sql', 'java', 'php', 'bootstrap', 'mysql']"
job_16,15297298.pdf,33.33,"['database', 'javascript', 'html', 'sql', 'java', 'php', 'bootstrap', 'mysql']"
job_16,15651486.pdf,50.0,"['javascript', 'html', 'php', 'java', 'bootstrap', 'mysql']"
job_16,15791766.pdf,41.67,"['javascript', 'html', 'sql', 'php', 'java', 'bootstrap', 'mysql']"
job_16,15802627.pdf,41.67,"['javascript', 'html', 'sql', 'php', 'java', 'bootstrap', 'mysql']"
job_16,16186411.pdf,91.67,['php']
job_16,16533554.pdf,33.33,"['database', 'javascript', 'html', 'sql', 'java', 'php', 'bootstrap', 'mysql']"
job_16,16899268.pdf,33.33,"['database', 'javascript', 'html', 'sql', 'java', 'php', 'bootstrap', 'mysql']"
job_16,17111768.pdf,50.0,"['javascript', 'html', 'php', 'java', 'bootstrap', 'mysql']"
job_16,17641670.pdf,41.67,"['database', 'javascript', 'sql', 'php', 'java', 'bootstrap', 'mysql']"
job_16,17681064.pdf,33.33,"['database', 'javascript', 'html', 'sql', 'java', 'php', 'bootstrap', 'mysql']"
job_16,17688766.pdf,41.67,"['database', 'javascript', 'html', 'php', 'java', 'bootstrap', 'mysql']"
job_16,17987433.pdf,33.33,"['database', 'javascript', 'html', 'sql', 'java', 'php', 'bootstrap', 'mysql']"
job_16,18067556.pdf,58.33,"['javascript', 'php', 'java', 'bootstrap', 'mysql']"
job_16,18159866.pdf,33.33,"['database', 'javascript', 'html', 'sql', 'java', 'php', 'bootstrap', 'mysql']"
job_16,18176523.pdf,25.0,"['database', 'go', 'ui', 'javascript', 'html', 'java', 'php', 'bootstrap', 'mysql']"
job_17,12045067.pdf,80.0,['database']
job_17,12334140.pdf,80.0,['database']
job_17,12635195.pdf,80.0,['database']
job_17,12763627.pdf,80.0,['go']
job_17,13385306.pdf,100.0,[]
job_17,13405733.pdf,100.0,[]
job_17,13477922.pdf,60.0,"['database', 'go']"
job_17,13836471.pdf,80.0,['go']
job_17,14789139.pdf,100.0,[]
job_17,15118506.pdf,80.0,['database']
job_17,15297298.pdf,80.0,['database']
job_17,15651486.pdf,100.0,[]
job_17,15791766.pdf,100.0,[]
job_17,15802627.pdf,100.0,[]
job_17,16186411.pdf,100.0,[]
job_17,16533554.pdf,80.0,['database']
job_17,16899268.pdf,80.0,['database']
job_17,17111768.pdf,100.0,[]
job_17,17641670.pdf,80.0,['database']
job_17,17681064.pdf,80.0,['database']
job_17,17688766.pdf,80.0,['database']
job_17,17987433.pdf,80.0,['database']
job_17,18067556.pdf,100.0,[]
job_17,18159866.pdf,80.0,['database']
job_17,18176523.pdf,40.0,"['database', 'go', 'ui']"
job_18,12045067.pdf,36.36,"['database', 'monitoring', 'oracle', 'sql', 'performance optimization', 'excel', 'sql server']"
job_18,12334140.pdf,45.45,"['database', 'monitoring', 'oracle', 'sql', 'performance optimization', 'sql server']"
job_18,12635195.pdf,27.27,"['database', 'rag', 'monitoring', 'oracle', 'sql', 'performance optimization', 'excel', 'sql server']"
job_18,12763627.pdf,63.64,"['excel', 'rag', 'performance optimization', 'monitoring']"
job_18,13385306.pdf,63.64,"['excel', 'rag', 'performance optimization', 'monitoring']"
job_18,13405733.pdf,72.73,"['sql server', 'performance optimization', 'monitoring']"
job_18,13477922.pdf,27.27,"['database', 'rag', 'monitoring', 'oracle', 'sql', 'performance optimization', 'excel', 'sql server']"
job_18,13836471.pdf,63.64,"['excel', 'oracle', 'performance optimization', 'monitoring']"
job_18,14789139.pdf,45.45,"['rag', 'monitoring', 'oracle', 'performance optimization', 'excel', 'sql server']"
job_18,15118506.pdf,54.55,"['database', 'oracle', 'sql', 'performance optimization', 'sql server']"
job_18,15297298.pdf,36.36,"['database', 'rag', 'monitoring', 'oracle', 'sql', 'performance optimization', 'sql server']"
job_18,15651486.pdf,45.45,"['rag', 'monitoring', 'oracle', 'performance optimization', 'excel', 'sql server']"
job_18,15791766.pdf,54.55,"['monitoring', 'oracle', 'sql', 'performance optimization', 'sql server']"
job_18,15802627.pdf,36.36,"['rag', 'monitoring', 'oracle', 'sql', 'performance optimization', 'excel', 'sql server']"
job_18,16186411.pdf,63.64,"['rag', 'oracle', 'performance optimization', 'monitoring']"
job_18,16533554.pdf,27.27,"['database', 'rag', 'monitoring', 'oracle', 'sql', 'performance optimization', 'excel', 'sql server']"
job_18,16899268.pdf,27.27,"['database', 'rag', 'monitoring', 'oracle', 'sql', 'performance optimization', 'excel', 'sql server']"
job_18,17111768.pdf,72.73,"['sql server', 'performance optimization', 'monitoring']"
job_18,17641670.pdf,45.45,"['database', 'monitoring', 'oracle', 'sql', 'performance optimization', 'sql server']"
job_18,17681064.pdf,45.45,"['database', 'rag', 'sql', 'performance optimization', 'excel', 'sql server']"
job_18,17688766.pdf,45.45,"['database', 'monitoring', 'oracle', 'performance optimization', 'excel', 'sql server']"
job_18,17987433.pdf,27.27,"['database', 'rag', 'monitoring', 'oracle', 'sql', 'performance optimization', 'excel', 'sql server']"
job_18,18067556.pdf,72.73,"['sql server', 'performance optimization', 'monitoring']"
job_18,18159866.pdf,54.55,"['database', 'monitoring', 'sql', 'performance optimization', 'sql server']"
job_18,18176523.pdf,36.36,"['database', 'ui', 'monitoring', 'oracle', 'performance optimization', 'excel', 'sql server']"
job_20,12045067.pdf,14.29,"['database', 'aws', 'bash', 'monitoring', 'git', 'terraform', 'java', 'postgresql', 'linux', 'redshift', 'gitlab', 'ux', 'kubernetes', 'kafka', 'bigquery', 'gcp', 'scala', 'jenkins', 'ansible', 'elasticsearch', 'scalability', 'sql', 'mongodb', 'python']"
job_20,12334140.pdf,14.29,"['database', 'aws', 'bash', 'monitoring', 'git', 'terraform', 'java', 'postgresql', 'linux', 'redshift', 'gitlab', 'ux', 'kubernetes', 'kafka', 'bigquery', 'gcp', 'scala', 'jenkins', 'ansible', 'elasticsearch', 'scalability', 'sql', 'mongodb', 'python']"
job_20,12635195.pdf,21.43,"['database', 'aws', 'bash', 'monitoring', 'git', 'terraform', 'postgresql', 'linux', 'redshift', 'gitlab', 'ux', 'kubernetes', 'kafka', 'bigquery', 'gcp', 'scala', 'jenkins', 'ansible', 'elasticsearch', 'scalability', 'sql', 'mongodb']"
job_20,12763627.pdf,25.0,"['aws', 'monitoring', 'bash', 'terraform', 'postgresql', 'linux', 'redshift', 'gitlab', 'ux', 'kubernetes', 'go', 'kafka', 'bigquery', 'gcp', 'scala', 'jenkins', 'ansible', 'elasticsearch', 'scalability', 'mongodb', 'python']"
job_20,13385306.pdf,21.43,"['aws', 'monitoring', 'bash', 'git', 'terraform', 'java', 'postgresql', 'linux', 'redshift', 'gitlab', 'ux', 'kubernetes', 'kafka', 'bigquery', 'gcp', 'scala', 'jenkins', 'ansible', 'elasticsearch', 'scalability', 'mongodb', 'python']"
job_20,13405733.pdf,28.57,"['aws', 'monitoring', 'bash', 'terraform', 'java', 'postgresql', 'linux', 'redshift', 'gitlab', 'ux', 'kubernetes', 'kafka', 'bigquery', 'gcp', 'scala', 'jenkins', 'ansible', 'elasticsearch', 'scalability', 'mongodb']"
job_20,13477922.pdf,10.71,"['database', 'aws', 'gcp', 'bash', 'git', 'terraform', 'monitoring', 'java', 'postgresql', 'linux', 'redshift', 'gitlab', 'ux', 'scala', 'jenkins', 'kubernetes', 'ansible', 'elasticsearch', 'go', 'scalability', 'sql', 'mongodb', 'kafka', 'bigquery', 'python']"
job_20,13836471.pdf,17.86,"['aws', 'monitoring', 'bash', 'git', 'terraform', 'java', 'postgresql', 'linux', 'redshift', 'gitlab', 'ux', 'kubernetes', 'go', 'kafka', 'bigquery', 'gcp', 'scala', 'jenkins', 'ansible', 'elasticsearch', 'scalability', 'mongodb', 'python']"
job_20,14789139.pdf,21.43,"['aws', 'monitoring', 'bash', 'git', 'terraform', 'java', 'postgresql', 'linux', 'redshift', 'gitlab', 'ux', 'kubernetes', 'kafka', 'bigquery', 'gcp', 'scala', 'jenkins', 'ansible', 'elasticsearch', 'scalability', 'mongodb', 'python']"
job_20,15118506.pdf,21.43,"['database', 'aws', 'bash', 'terraform', 'java', 'postgresql', 'linux', 'redshift', 'gitlab', 'ux', 'kubernetes', 'kafka', 'bigquery', 'gcp', 'scala', 'jenkins', 'ansible', 'elasticsearch', 'scalability', 'sql', 'mongodb', 'python']"
job_20,15297298.pdf,14.29,"['database', 'aws', 'gcp', 'bash', 'git', 'terraform', 'monitoring', 'java', 'postgresql', 'linux', 'redshift', 'gitlab', 'ux', 'scala', 'jenkins', 'kubernetes', 'ansible', 'elasticsearch', 'scalability', 'sql', 'mongodb', 'kafka', 'bigquery', 'python']"
job_20,15651486.pdf,28.57,"['aws', 'monitoring', 'bash', 'git', 'terraform', 'java', 'postgresql', 'redshift', 'gitlab', 'kubernetes', 'kafka', 'bigquery', 'gcp', 'scala', 'jenkins', 'ansible', 'elasticsearch', 'scalability', 'mongodb', 'python']"
job_20,15791766.pdf,17.86,"['aws', 'monitoring', 'bash', 'git', 'terraform', 'java', 'postgresql', 'linux', 'redshift', 'gitlab', 'ux', 'kubernetes', 'kafka', 'bigquery', 'gcp', 'scala', 'jenkins', 'ansible', 'elasticsearch', 'scalability', 'sql', 'mongodb', 'python']"
job_20,15802627.pdf,21.43,"['aws', 'monitoring', 'bash', 'git', 'terraform', 'java', 'postgresql', 'linux', 'redshift', 'gitlab', 'ux', 'kubernetes', 'kafka', 'bigquery', 'gcp', 'jenkins', 'ansible', 'elasticsearch', 'scalability', 'sql', 'mongodb', 'python']"
job_20,16186411.pdf,28.57,"['aws', 'monitoring', 'bash', 'terraform', 'postgresql', 'linux', 'redshift', 'gitlab', 'ux', 'kubernetes', 'kafka', 'bigquery', 'gcp', 'scala', 'jenkins', 'ansible', 'elasticsearch', 'scalability', 'mongodb', 'python']"
job_20,16533554.pdf,14.29,"['database', 'aws', 'gcp', 'bash', 'git', 'terraform', 'monitoring', 'java', 'postgresql', 'linux', 'redshift', 'gitlab', 'ux', 'scala', 'jenkins', 'kubernetes', 'ansible', 'elasticsearch', 'scalability', 'sql', 'mongodb', 'kafka', 'bigquery', 'python']"
job_20,16899268.pdf,14.29,"['database', 'aws', 'gcp', 'bash', 'git', 'terraform', 'monitoring', 'java', 'postgresql', 'linux', 'redshift', 'gitlab', 'ux', 'scala', 'jenkins', 'kubernetes', 'ansible', 'elasticsearch', 'scalability', 'sql', 'mongodb', 'kafka', 'bigquery', 'python']"
job_20,17111768.pdf,28.57,"['aws', 'monitoring', 'bash', 'git', 'terraform', 'java', 'postgresql', 'redshift', 'gitlab', 'kubernetes', 'kafka', 'bigquery', 'gcp', 'scala', 'jenkins', 'ansible', 'elasticsearch', 'scalability', 'mongodb', 'python']"
job_20,17641670.pdf,17.86,"['database', 'aws', 'bash', 'monitoring', 'git', 'terraform', 'java', 'postgresql', 'linux', 'redshift', 'gitlab', 'ux', 'kubernetes', 'kafka', 'bigquery', 'gcp', 'jenkins', 'ansible', 'elasticsearch', 'scalability', 'sql', 'mongodb', 'python']"
job_20,17681064.pdf,17.86,"['database', 'aws', 'gcp', 'bash', 'git', 'terraform', 'java', 'postgresql', 'linux', 'redshift', 'gitlab', 'ux', 'scala', 'jenkins', 'kubernetes', 'ansible', 'elasticsearch', 'scalability', 'sql', 'mongodb', 'kafka', 'bigquery', 'python']"
job_20,17688766.pdf,17.86,"['database', 'aws', 'bash', 'monitoring', 'git', 'terraform', 'java', 'postgresql', 'linux', 'redshift', 'gitlab', 'ux', 'kubernetes', 'kafka', 'bigquery', 'gcp', 'scala', 'jenkins', 'ansible', 'elasticsearch', 'scalability', 'mongodb', 'python']"
job_20,17987433.pdf,14.29,"['database', 'aws', 'gcp', 'bash', 'git', 'terraform', 'monitoring', 'java', 'postgresql', 'linux', 'redshift', 'gitlab', 'ux', 'scala', 'jenkins', 'kubernetes', 'ansible', 'elasticsearch', 'scalability', 'sql', 'mongodb', 'kafka', 'bigquery', 'python']"
job_20,18067556.pdf,42.86,"['gcp', 'ansible', 'elasticsearch', 'monitoring', 'bash', 'git', 'terraform', 'java', 'postgresql', 'mongodb', 'redshift', 'kafka', 'gitlab', 'bigquery', 'jenkins', 'kubernetes']"
job_20,18159866.pdf,17.86,"['database', 'aws', 'bash', 'monitoring', 'git', 'terraform', 'java', 'postgresql', 'linux', 'redshift', 'gitlab', 'ux', 'kubernetes', 'kafka', 'bigquery', 'gcp', 'jenkins', 'ansible', 'elasticsearch', 'scalability', 'sql', 'mongodb', 'python']"
job_20,18176523.pdf,10.71,"['database', 'aws', 'gcp', 'ui', 'bash', 'git', 'terraform', 'monitoring', 'java', 'postgresql', 'linux', 'redshift', 'gitlab', 'ux', 'scala', 'jenkins', 'kubernetes', 'ansible', 'elasticsearch', 'go', 'scalability', 'mongodb', 'kafka', 'bigquery', 'python']"
job_21,12045067.pdf,40.0,"['database', 'oracle', 'sql', 'linux', 'scala', 'ux']"
job_21,12334140.pdf,40.0,"['database', 'oracle', 'sql', 'linux', 'scala', 'ux']"
job_21,12635195.pdf,30.0,"['database', 'rag', 'oracle', 'sql', 'linux', 'scala', 'ux']"
job_21,12763627.pdf,60.0,"['rag', 'linux', 'scala', 'ux']"
job_21,13385306.pdf,60.0,"['rag', 'linux', 'scala', 'ux']"
job_21,13405733.pdf,70.0,"['linux', 'scala', 'ux']"
job_21,13477922.pdf,30.0,"['database', 'rag', 'oracle', 'sql', 'linux', 'scala', 'ux']"
job_21,13836471.pdf,60.0,"['scala', 'linux', 'oracle', 'ux']"
job_21,14789139.pdf,50.0,"['rag', 'oracle', 'linux', 'scala', 'ux']"
job_21,15118506.pdf,40.0,"['database', 'oracle', 'sql', 'linux', 'scala', 'ux']"
job_21,15297298.pdf,30.0,"['database', 'rag', 'oracle', 'sql', 'linux', 'scala', 'ux']"
job_21,15651486.pdf,70.0,"['scala', 'rag', 'oracle']"
job_21,15791766.pdf,50.0,"['oracle', 'sql', 'linux', 'scala', 'ux']"
job_21,15802627.pdf,50.0,"['rag', 'oracle', 'sql', 'linux', 'ux']"
job_21,16186411.pdf,50.0,"['rag', 'oracle', 'linux', 'scala', 'ux']"
job_21,16533554.pdf,30.0,"['database', 'rag', 'oracle', 'sql', 'linux', 'scala', 'ux']"
job_21,16899268.pdf,30.0,"['database', 'rag', 'oracle', 'sql', 'linux', 'scala', 'ux']"
job_21,17111768.pdf,90.0,['scala']
job_21,17641670.pdf,50.0,"['database', 'oracle', 'sql', 'linux', 'ux']"
job_21,17681064.pdf,40.0,"['database', 'rag', 'sql', 'linux', 'scala', 'ux']"
job_21,17688766.pdf,50.0,"['database', 'oracle', 'linux', 'scala', 'ux']"
job_21,17987433.pdf,30.0,"['database', 'rag', 'oracle', 'sql', 'linux', 'scala', 'ux']"
job_21,18067556.pdf,100.0,[]
job_21,18159866.pdf,60.0,"['database', 'linux', 'sql', 'ux']"
job_21,18176523.pdf,40.0,"['database', 'ui', 'oracle', 'linux', 'scala', 'ux']"
job_22,12045067.pdf,40.0,"['database', 'monitoring', 'git', 'javascript', 'html', 'java']"
job_22,12334140.pdf,40.0,"['database', 'monitoring', 'git', 'javascript', 'html', 'java']"
job_22,12635195.pdf,60.0,"['database', 'git', 'html', 'monitoring']"
job_22,12763627.pdf,80.0,"['go', 'monitoring']"
job_22,13385306.pdf,50.0,"['monitoring', 'git', 'javascript', 'html', 'java']"
job_22,13405733.pdf,60.0,"['java', 'javascript', 'html', 'monitoring']"
job_22,13477922.pdf,30.0,"['database', 'go', 'monitoring', 'git', 'javascript', 'html', 'java']"
job_22,13836471.pdf,40.0,"['go', 'monitoring', 'git', 'javascript', 'html', 'java']"
job_22,14789139.pdf,50.0,"['monitoring', 'git', 'javascript', 'html', 'java']"
job_22,15118506.pdf,60.0,"['database', 'javascript', 'html', 'java']"
job_22,15297298.pdf,40.0,"['database', 'monitoring', 'git', 'javascript', 'html', 'java']"
job_22,15651486.pdf,50.0,"['monitoring', 'git', 'javascript', 'html', 'java']"
job_22,15791766.pdf,50.0,"['monitoring', 'git', 'javascript', 'html', 'java']"
job_22,15802627.pdf,50.0,"['monitoring', 'git', 'javascript', 'html', 'java']"
job_22,16186411.pdf,90.0,['monitoring']
job_22,16533554.pdf,40.0,"['database', 'monitoring', 'git', 'javascript', 'html', 'java']"
job_22,16899268.pdf,40.0,"['database', 'monitoring', 'git', 'javascript', 'html', 'java']"
job_22,17111768.pdf,50.0,"['monitoring', 'git', 'javascript', 'html', 'java']"
job_22,17641670.pdf,50.0,"['database', 'monitoring', 'git', 'javascript', 'java']"
job_22,17681064.pdf,50.0,"['database', 'git', 'javascript', 'html', 'java']"
job_22,17688766.pdf,40.0,"['database', 'monitoring', 'git', 'javascript', 'html', 'java']"
job_22,17987433.pdf,40.0,"['database', 'monitoring', 'git', 'javascript', 'html', 'java']"
job_22,18067556.pdf,60.0,"['java', 'git', 'javascript', 'monitoring']"
job_22,18159866.pdf,40.0,"['database', 'monitoring', 'git', 'javascript', 'html', 'java']"
job_22,18176523.pdf,20.0,"['database', 'go', 'ui', 'monitoring', 'git', 'javascript', 'html', 'java']"
job_23,12045067.pdf,23.53,"['unit testing', 'docker', 'git', 'javascript', 'sql', 'java', 'postgresql', 'flask', 'linux', 'scrum', 'ux', 'python', 'agile']"
job_23,12334140.pdf,23.53,"['unit testing', 'docker', 'git', 'javascript', 'sql', 'java', 'postgresql', 'flask', 'linux', 'scrum', 'ux', 'python', 'agile']"
job_23,12635195.pdf,41.18,"['unit testing', 'docker', 'git', 'sql', 'postgresql', 'flask', 'scrum', 'linux', 'ux', 'agile']"
job_23,12763627.pdf,41.18,"['unit testing', 'go', 'docker', 'postgresql', 'flask', 'scrum', 'linux', 'ux', 'python', 'agile']"
job_23,13385306.pdf,35.29,"['unit testing', 'docker', 'git', 'javascript', 'java', 'postgresql', 'flask', 'linux', 'scrum', 'ux', 'python']"
job_23,13405733.pdf,47.06,"['unit testing', 'docker', 'javascript', 'java', 'postgresql', 'flask', 'linux', 'scrum', 'ux']"
job_23,13477922.pdf,17.65,"['unit testing', 'docker', 'git', 'javascript', 'java', 'postgresql', 'linux', 'ux', 'go', 'sql', 'flask', 'scrum', 'python', 'agile']"
job_23,13836471.pdf,23.53,"['unit testing', 'go', 'docker', 'git', 'javascript', 'java', 'postgresql', 'flask', 'linux', 'scrum', 'ux', 'python', 'agile']"
job_23,14789139.pdf,29.41,"['unit testing', 'docker', 'git', 'javascript', 'java', 'postgresql', 'flask', 'linux', 'scrum', 'ux', 'python', 'agile']"
job_23,15118506.pdf,29.41,"['unit testing', 'docker', 'javascript', 'sql', 'java', 'postgresql', 'flask', 'linux', 'scrum', 'ux', 'python', 'agile']"
job_23,15297298.pdf,23.53,"['unit testing', 'docker', 'git', 'javascript', 'sql', 'java', 'postgresql', 'flask', 'linux', 'scrum', 'ux', 'python', 'agile']"
job_23,15651486.pdf,41.18,"['unit testing', 'docker', 'git', 'javascript', 'java', 'postgresql', 'flask', 'scrum', 'python', 'agile']"
job_23,15791766.pdf,29.41,"['unit testing', 'docker', 'git', 'javascript', 'sql', 'java', 'postgresql', 'flask', 'linux', 'scrum', 'ux', 'python']"
job_23,15802627.pdf,23.53,"['unit testing', 'docker', 'git', 'javascript', 'sql', 'java', 'postgresql', 'flask', 'linux', 'scrum', 'ux', 'python', 'agile']"
job_23,16186411.pdf,58.82,"['unit testing', 'docker', 'postgresql', 'flask', 'linux', 'ux', 'python']"
job_23,16533554.pdf,23.53,"['unit testing', 'docker', 'git', 'javascript', 'sql', 'java', 'postgresql', 'flask', 'linux', 'scrum', 'ux', 'python', 'agile']"
job_23,16899268.pdf,23.53,"['unit testing', 'docker', 'git', 'javascript', 'sql', 'java', 'postgresql', 'flask', 'linux', 'scrum', 'ux', 'python', 'agile']"
job_23,17111768.pdf,41.18,"['unit testing', 'docker', 'git', 'javascript', 'java', 'postgresql', 'flask', 'scrum', 'python', 'agile']"
job_23,17641670.pdf,23.53,"['unit testing', 'docker', 'git', 'javascript', 'sql', 'java', 'postgresql', 'flask', 'linux', 'scrum', 'ux', 'python', 'agile']"
job_23,17681064.pdf,23.53,"['unit testing', 'docker', 'git', 'javascript', 'sql', 'java', 'postgresql', 'flask', 'linux', 'scrum', 'ux', 'python', 'agile']"
job_23,17688766.pdf,29.41,"['unit testing', 'docker', 'git', 'javascript', 'java', 'postgresql', 'flask', 'linux', 'scrum', 'ux', 'python', 'agile']"
job_23,17987433.pdf,23.53,"['unit testing', 'docker', 'git', 'javascript', 'sql', 'java', 'postgresql', 'flask', 'linux', 'scrum', 'ux', 'python', 'agile']"
job_23,18067556.pdf,47.06,"['unit testing', 'docker', 'git', 'javascript', 'java', 'postgresql', 'flask', 'scrum', 'agile']"
job_23,18159866.pdf,23.53,"['unit testing', 'docker', 'git', 'javascript', 'sql', 'java', 'postgresql', 'flask', 'linux', 'scrum', 'ux', 'python', 'agile']"
job_23,18176523.pdf,17.65,"['unit testing', 'go', 'ui', 'docker', 'git', 'javascript', 'java', 'postgresql', 'flask', 'linux', 'scrum', 'ux', 'python', 'agile']"
job_24,12045067.pdf,44.44,"['database', 'sql', 'express', 'excel', 'sql server']"
job_24,12334140.pdf,66.67,"['database', 'sql server', 'sql']"
job_24,12635195.pdf,44.44,"['database', 'sql', 'express', 'excel', 'sql server']"
job_24,12763627.pdf,66.67,"['excel', 'go', 'express']"
job_24,13385306.pdf,77.78,"['excel', 'express']"
job_24,13405733.pdf,77.78,"['sql server', 'express']"
job_24,13477922.pdf,33.33,"['database', 'go', 'sql', 'express', 'excel', 'sql server']"
job_24,13836471.pdf,66.67,"['excel', 'go', 'express']"
job_24,14789139.pdf,66.67,"['excel', 'sql server', 'express']"
job_24,15118506.pdf,55.56,"['database', 'sql server', 'sql', 'express']"
job_24,15297298.pdf,55.56,"['database', 'sql server', 'sql', 'express']"
job_24,15651486.pdf,77.78,"['excel', 'sql server']"
job_24,15791766.pdf,66.67,"['sql server', 'sql', 'express']"
job_24,15802627.pdf,55.56,"['excel', 'sql server', 'sql', 'express']"
job_24,16186411.pdf,88.89,['express']
job_24,16533554.pdf,44.44,"['database', 'sql', 'express', 'excel', 'sql server']"
job_24,16899268.pdf,44.44,"['database', 'sql', 'express', 'excel', 'sql server']"
job_24,17111768.pdf,77.78,"['sql server', 'express']"
job_24,17641670.pdf,55.56,"['database', 'sql server', 'sql', 'express']"
job_24,17681064.pdf,44.44,"['database', 'sql', 'express', 'excel', 'sql server']"
job_24,17688766.pdf,55.56,"['database', 'sql server', 'excel', 'express']"
job_24,17987433.pdf,44.44,"['database', 'sql', 'express', 'excel', 'sql server']"
job_24,18067556.pdf,77.78,"['sql server', 'express']"
job_24,18159866.pdf,55.56,"['database', 'sql server', 'sql', 'express']"
job_24,18176523.pdf,33.33,"['database', 'go', 'ui', 'express', 'excel', 'sql server']"
job_25,12045067.pdf,57.14,"['python', 'html', 'php']"
job_25,12334140.pdf,57.14,"['python', 'html', 'php']"
job_25,12635195.pdf,71.43,"['html', 'php']"
job_25,12763627.pdf,57.14,"['python', 'go', 'php']"
job_25,13385306.pdf,57.14,"['python', 'html', 'php']"
job_25,13405733.pdf,71.43,"['html', 'php']"
job_25,13477922.pdf,42.86,"['python', 'go', 'html', 'php']"
job_25,13836471.pdf,42.86,"['python', 'go', 'html', 'php']"
job_25,14789139.pdf,57.14,"['python', 'html', 'php']"
job_25,15118506.pdf,57.14,"['python', 'html', 'php']"
job_25,15297298.pdf,57.14,"['python', 'html', 'php']"
job_25,15651486.pdf,57.14,"['python', 'html', 'php']"
job_25,15791766.pdf,57.14,"['python', 'html', 'php']"
job_25,15802627.pdf,57.14,"['python', 'html', 'php']"
job_25,16186411.pdf,71.43,"['python', 'php']"
job_25,16533554.pdf,57.14,"['python', 'html', 'php']"
job_25,16899268.pdf,57.14,"['python', 'html', 'php']"
job_25,17111768.pdf,57.14,"['python', 'html', 'php']"
job_25,17641670.pdf,71.43,"['python', 'php']"
job_25,17681064.pdf,57.14,"['python', 'html', 'php']"
job_25,17688766.pdf,57.14,"['python', 'html', 'php']"
job_25,17987433.pdf,57.14,"['python', 'html', 'php']"
job_25,18067556.pdf,85.71,['php']
job_25,18159866.pdf,57.14,"['python', 'html', 'php']"
job_25,18176523.pdf,28.57,"['go', 'ui', 'html', 'php', 'python']"
